﻿Fiscal Year,Total number of children,"White Alone, Non Hispanic or Latino",Hispanic or Latino (of any race),"Black or African American, Non-Hispanic or Latino","American Indian and Alaska Native, Non-Hispanic or Latino","Asian, Non-Hispanic or Latino","Native Hawaiian and Other Pacific Islander, Non-Hispanic or Latino","Other, Non-Hispanic or Latino","Two or More Races, Non-Hispanic or Latino"
2016,1775,1643,61,0,0,32,3,0,36
2017,1709,1610,59,0,0,17,0,0,23
2018,1707,1572,57,0,0,37,0,0,41
2019,1730,1553,65,31,0,33,0,0,48
