0,1,2,3,4,5,6,7,8,9,10,11,12,13,14,15,16
Fiscal Year,Num of Sites (PFA),Proposed Capacity(PFA),Num of Sites (PFA-E),Proposed Capacity(PFA-E),Num of Sites (HS),Funded Enrollment (HS),Num of Sites (EHS),Funded Enrollment (EHS),Num of Sites (PI),Proposed Capacity    (PI),Num of Sites (LCC),Total Licensed Capacity(LCC),Num of Sites (FCC),Total Licensed Capacity(FCC),Num of Sites (LexCC),Total Licensed Capacity(LexCC)
2017,5,385,0,0,5,213,0,0,1,48,5,314,44,409,2,125
2018,5,378,5,140,4,197,1,24,3,72,5,314,39,342,3,84
2019,5,320,5,120,4,197,1,24,2,84,4,296,41,353,2,135
2020,5,340,5,120,4,197,1,24,2,84,3,214,40,342,2,140
