﻿Fiscal Year,Total number of children,"White Alone, Non Hispanic or Latino",Hispanic or Latino (of any race),"Black or African American, Non-Hispanic or Latino","American Indian and Alaska Native, Non-Hispanic or Latino","Asian, Non-Hispanic or Latino","Native Hawaiian and Other Pacific Islander, Non-Hispanic or Latino","Other, Non-Hispanic or Latino","Two or More Races, Non-Hispanic or Latino"
2016,2668,1917,250,419,0,81,0,16,39
2017,2718,1894,259,409,0,63,0,10,84
2018,2752,1932,272,390,0,44,0,14,101
2019,2821,1966,277,426,0,35,0,9,108
