﻿FY,pop,pop,pop,pop,pop,pop,pop,pop,pop,0.5,0.5,0.5,0.5,0.5,0.5,0.5,1,1,1,1,1,1,1,1.3,1.3,1.3,1.3,1.3,1.3,1.3,1.85,1.85,1.85,1.85,1.85,1.85,1.85,2,2,2,2,2,2,2,4,4,4,4,4,4,4,lang,lang,lang,Working,Working,Working,Working,Working,Working
Fiscal Year,Total Number of Persons,0,1,2,3,4,5,0 - 5,6 - 12,0,1,2,3,4,5,0 - 5,0,1,2,3,4,5,0 - 5,0,1,2,3,4,5,0 - 5,0,1,2,3,4,5,0 - 5,0,1,2,3,4,5,0 - 5,0,1,2,3,4,5,0 - 5,Number of Households,Number of limited English-speaking households (Spanish),Number of limited English-speaking households (other languages),Children 5 and under living in families,Children 5 and under living with two parents,Children 5 and under living with two working parents,Children 5 and under living with one parent,Children 5 and under living with one working parent,Children 5 and under living with one non-working parent
2016,4173,29,27,26,27,31,25,165,199,6,6,6,6,7,5,35,8,7,7,7,8,6,43,9,8,8,8,9,8,50,12,11,10,11,12,10,66,13,12,12,12,14,11,75,21,19,19,19,22,18,118,1506,0,0,172,137,70,35,33,2
2017,4161,26,24,23,24,29,28,154,271,5,4,4,4,5,5,27,8,7,7,7,8,8,45,10,9,8,9,11,10,57,13,12,11,12,14,14,76,13,12,12,12,15,15,79,22,20,20,20,25,24,131,1452,0,0,158,128,63,30,27,3
2018,4009,20,24,27,29,31,24,155,265,4,5,6,6,7,5,33,7,8,10,10,11,8,54,8,10,11,12,13,10,64,10,12,14,15,16,12,79,10,12,14,15,16,12,79,17,21,23,25,27,21,134,1438,0,0,155,118,68,37,24,13
2019,3939,16,22,28,28,21,11,126,264,4,5,7,7,5,3,31,7,9,12,12,9,5,54,8,11,14,14,10,5,62,9,12,15,15,11,6,68,9,12,15,15,11,6,68,14,19,24,24,18,9,108,1363,0,0,125,95,58,30,17,13
