﻿Fiscal Year,Total number of children,"White Alone, Non Hispanic or Latino",Hispanic or Latino (of any race),"Black or African American, Non-Hispanic or Latino","American Indian and Alaska Native, Non-Hispanic or Latino","Asian, Non-Hispanic or Latino","Native Hawaiian and Other Pacific Islander, Non-Hispanic or Latino","Other, Non-Hispanic or Latino","Two or More Races, Non-Hispanic or Latino"
2016,140,122,18,0,0,0,0,0,0
2017,126,108,18,0,0,0,0,0,0
2018,131,109,22,0,0,0,0,0,0
2019,115,97,18,0,0,0,0,0,0
