0,1,2,3,4,5,6,7,8,9,10,11,12,13,14,15,16
Fiscal Year,Num of Sites (PFA),Proposed Capacity(PFA),Num of Sites (PFA-E),Proposed Capacity(PFA-E),Num of Sites (HS),Funded Enrollment (HS),Num of Sites (EHS),Funded Enrollment (EHS),Num of Sites (PI),Proposed Capacity    (PI),Num of Sites (LCC),Total Licensed Capacity(LCC),Num of Sites (FCC),Total Licensed Capacity(FCC),Num of Sites (LexCC),Total Licensed Capacity(LexCC)
2017,27,1333,0,0,9,493,3,93,5,93,19,1776,63,677,4,111
2018,24,1326,2,40,7,428,3,93,4,48,20,1928,59,634,3,116
2019,23,1316,0,0,8,482,3,105,5,60,19,1857,57,609,3,104
2020,23,1296,0,0,7,384,4,127,6,72,18,1814,46,498,4,131
