0,1,2,3,4,5,6,7,8,9,10,11,12,13,14,15,16
Fiscal Year,Num of Sites (PFA),Proposed Capacity(PFA),Num of Sites (PFA-E),Proposed Capacity(PFA-E),Num of Sites (HS),Funded Enrollment (HS),Num of Sites (EHS),Funded Enrollment (EHS),Num of Sites (PI),Proposed Capacity    (PI),Num of Sites (LCC),Total Licensed Capacity(LCC),Num of Sites (FCC),Total Licensed Capacity(FCC),Num of Sites (LexCC),Total Licensed Capacity(LexCC)
2017,31,1110,1,40,4,527,1,54,2,58,31,2249,81,857,10,376
2018,31,1110,1,40,6,526,1,54,3,79,31,2305,74,778,8,649
2019,33,1177,2,60,6,476,2,82,2,35,26,1995,73,775,14,472
2020,33,1177,2,60,4,464,2,82,0,0,24,1858,66,689,11,250
