﻿Fiscal Year,Total number of children,"White Alone, Non Hispanic or Latino",Hispanic or Latino (of any race),"Black or African American, Non-Hispanic or Latino","American Indian and Alaska Native, Non-Hispanic or Latino","Asian, Non-Hispanic or Latino","Native Hawaiian and Other Pacific Islander, Non-Hispanic or Latino","Other, Non-Hispanic or Latino","Two or More Races, Non-Hispanic or Latino"
2016,10516,7090,781,1153,33,714,0,90,670
2017,10561,7126,775,1256,48,812,0,72,471
2018,10427,7000,749,1263,53,764,0,63,535
2019,10320,6969,752,1256,51,754,0,19,519
