﻿Fiscal Year,Total number of children,"White Alone, Non Hispanic or Latino",Hispanic or Latino (of any race),"Black or African American, Non-Hispanic or Latino","American Indian and Alaska Native, Non-Hispanic or Latino","Asian, Non-Hispanic or Latino","Native Hawaiian and Other Pacific Islander, Non-Hispanic or Latino","Other, Non-Hispanic or Latino","Two or More Races, Non-Hispanic or Latino"
2016,21231,11722,4624,3024,12,487,0,43,1286
2017,21108,11558,4587,3187,27,476,0,37,1235
2018,21038,11380,4610,3165,38,479,0,32,1334
2019,21075,11211,4661,3086,52,530,0,35,1500
