﻿Fiscal Year,Total number of children,"White Alone, Non Hispanic or Latino",Hispanic or Latino (of any race),"Black or African American, Non-Hispanic or Latino","American Indian and Alaska Native, Non-Hispanic or Latino","Asian, Non-Hispanic or Latino","Native Hawaiian and Other Pacific Islander, Non-Hispanic or Latino","Other, Non-Hispanic or Latino","Two or More Races, Non-Hispanic or Latino"
2016,686,611,27,0,0,20,0,0,28
2017,663,593,21,0,0,0,0,0,49
2018,670,601,25,0,0,0,0,0,44
2019,676,603,39,0,0,0,0,0,34
