﻿Fiscal Year,Total number of children,"White Alone, Non Hispanic or Latino",Hispanic or Latino (of any race),"Black or African American, Non-Hispanic or Latino","American Indian and Alaska Native, Non-Hispanic or Latino","Asian, Non-Hispanic or Latino","Native Hawaiian and Other Pacific Islander, Non-Hispanic or Latino","Other, Non-Hispanic or Latino","Two or More Races, Non-Hispanic or Latino"
2016,853,724,26,0,0,0,0,0,98
2017,773,707,12,0,0,0,0,0,54
2018,768,691,11,0,0,0,0,0,66
2019,689,688,1,0,0,0,0,0,0
