﻿Fiscal Year,Total number of children,"White Alone, Non Hispanic or Latino",Hispanic or Latino (of any race),"Black or African American, Non-Hispanic or Latino","American Indian and Alaska Native, Non-Hispanic or Latino","Asian, Non-Hispanic or Latino","Native Hawaiian and Other Pacific Islander, Non-Hispanic or Latino","Other, Non-Hispanic or Latino","Two or More Races, Non-Hispanic or Latino"
2016,950,875,41,0,24,0,0,2,8
2017,942,879,42,0,10,0,0,1,10
2018,961,899,44,0,13,0,0,1,4
2019,968,918,41,0,0,0,0,0,9
