﻿Fiscal Year,Total number of children,"White Alone, Non Hispanic or Latino",Hispanic or Latino (of any race),"Black or African American, Non-Hispanic or Latino","American Indian and Alaska Native, Non-Hispanic or Latino","Asian, Non-Hispanic or Latino","Native Hawaiian and Other Pacific Islander, Non-Hispanic or Latino","Other, Non-Hispanic or Latino","Two or More Races, Non-Hispanic or Latino"
2016,341,310,2,0,0,0,0,1,19
2017,342,321,0,0,0,0,0,0,21
2018,330,323,0,0,0,0,0,0,7
2019,327,317,3,0,0,0,0,0,7
