﻿Fiscal Year,Total number of children,"White Alone, Non Hispanic or Latino",Hispanic or Latino (of any race),"Black or African American, Non-Hispanic or Latino","American Indian and Alaska Native, Non-Hispanic or Latino","Asian, Non-Hispanic or Latino","Native Hawaiian and Other Pacific Islander, Non-Hispanic or Latino","Other, Non-Hispanic or Latino","Two or More Races, Non-Hispanic or Latino"
2016,4476,4064,120,120,0,46,0,3,113
2017,4340,4010,119,81,0,15,0,0,115
2018,4324,3959,83,135,0,9,0,0,138
2019,4277,3905,90,94,0,5,0,0,183
