0,1,2,3,4,5,6,7,8,9,10,11,12,13,14,15,16
Fiscal Year,Num of Sites (PFA),Proposed Capacity(PFA),Num of Sites (PFA-E),Proposed Capacity(PFA-E),Num of Sites (HS),Funded Enrollment (HS),Num of Sites (EHS),Funded Enrollment (EHS),Num of Sites (PI),Proposed Capacity    (PI),Num of Sites (LCC),Total Licensed Capacity(LCC),Num of Sites (FCC),Total Licensed Capacity(FCC),Num of Sites (LexCC),Total Licensed Capacity(LexCC)
2017,23,936,0,0,3,150,4,107,3,85,18,1180,71,664,4,134
2018,22,1026,1,15,3,155,4,111,3,105,17,1206,60,575,5,257
2019,20,866,3,82,3,155,4,102,4,88,17,1204,49,466,4,134
2020,20,983,3,82,3,151,4,104,4,75,17,1034,44,425,3,114
