0,1,2,3,4,5,6,7,8,9,10,11,12,13,14,15,16
Fiscal Year,Num of Sites (PFA),Proposed Capacity(PFA),Num of Sites (PFA-E),Proposed Capacity(PFA-E),Num of Sites (HS),Funded Enrollment (HS),Num of Sites (EHS),Funded Enrollment (EHS),Num of Sites (PI),Proposed Capacity    (PI),Num of Sites (LCC),Total Licensed Capacity(LCC),Num of Sites (FCC),Total Licensed Capacity(FCC),Num of Sites (LexCC),Total Licensed Capacity(LexCC)
2017,10,716,1,80,3,395,1,70,15,293,19,2171,50,490,5,150
2018,10,736,3,120,3,397,1,74,15,245,19,2173,39,394,3,98
2019,14,994,2,120,3,397,1,74,5,253,19,2210,45,473,4,140
2020,12,950,3,120,2,206,1,146,4,240,14,1695,39,383,3,80
