﻿Fiscal Year,Total number of children,"White Alone, Non Hispanic or Latino",Hispanic or Latino (of any race),"Black or African American, Non-Hispanic or Latino","American Indian and Alaska Native, Non-Hispanic or Latino","Asian, Non-Hispanic or Latino","Native Hawaiian and Other Pacific Islander, Non-Hispanic or Latino","Other, Non-Hispanic or Latino","Two or More Races, Non-Hispanic or Latino"
2016,7543,4960,307,1303,39,102,0,19,808
2017,7573,4911,310,1370,50,76,0,25,831
2018,7511,4910,288,1378,47,91,0,30,767
2019,7485,4888,292,1251,0,66,0,32,956
