﻿Fiscal Year,Total number of children,"White Alone, Non Hispanic or Latino",Hispanic or Latino (of any race),"Black or African American, Non-Hispanic or Latino","American Indian and Alaska Native, Non-Hispanic or Latino","Asian, Non-Hispanic or Latino","Native Hawaiian and Other Pacific Islander, Non-Hispanic or Latino","Other, Non-Hispanic or Latino","Two or More Races, Non-Hispanic or Latino"
2016,278,227,26,0,0,0,0,0,24
2017,254,231,0,0,0,0,0,0,23
2018,242,228,0,0,0,0,0,0,14
2019,239,228,8,0,0,0,0,0,3
