﻿Fiscal Year,Total number of children,"White Alone, Non Hispanic or Latino",Hispanic or Latino (of any race),"Black or African American, Non-Hispanic or Latino","American Indian and Alaska Native, Non-Hispanic or Latino","Asian, Non-Hispanic or Latino","Native Hawaiian and Other Pacific Islander, Non-Hispanic or Latino","Other, Non-Hispanic or Latino","Two or More Races, Non-Hispanic or Latino"
2016,399,368,17,0,0,0,0,0,11
2017,401,374,22,0,0,0,0,0,5
2018,375,364,0,0,0,0,0,0,11
2019,364,356,0,0,0,0,0,0,8
