﻿Fiscal Year,Total number of children,"White Alone, Non Hispanic or Latino",Hispanic or Latino (of any race),"Black or African American, Non-Hispanic or Latino","American Indian and Alaska Native, Non-Hispanic or Latino","Asian, Non-Hispanic or Latino","Native Hawaiian and Other Pacific Islander, Non-Hispanic or Latino","Other, Non-Hispanic or Latino","Two or More Races, Non-Hispanic or Latino"
2016,6126,4610,1010,109,46,26,0,0,268
2017,6124,4641,1041,98,40,64,0,0,240
2018,6127,4588,1059,116,50,41,0,1,271
2019,6098,4541,1060,161,0,66,0,1,269
