﻿Fiscal Year,Total number of children,"White Alone, Non Hispanic or Latino",Hispanic or Latino (of any race),"Black or African American, Non-Hispanic or Latino","American Indian and Alaska Native, Non-Hispanic or Latino","Asian, Non-Hispanic or Latino","Native Hawaiian and Other Pacific Islander, Non-Hispanic or Latino","Other, Non-Hispanic or Latino","Two or More Races, Non-Hispanic or Latino"
2016,984,966,0,11,0,0,0,0,6
2017,979,965,4,6,0,0,0,0,4
2018,1025,985,12,19,0,0,0,0,9
2019,1014,974,12,19,0,0,0,0,9
