﻿Fiscal Year,Total number of children,"White Alone, Non Hispanic or Latino",Hispanic or Latino (of any race),"Black or African American, Non-Hispanic or Latino","American Indian and Alaska Native, Non-Hispanic or Latino","Asian, Non-Hispanic or Latino","Native Hawaiian and Other Pacific Islander, Non-Hispanic or Latino","Other, Non-Hispanic or Latino","Two or More Races, Non-Hispanic or Latino"
2016,2035,1735,144,0,0,24,0,0,122
2017,2083,1745,134,0,0,45,0,0,159
2018,1980,1720,122,27,0,16,0,0,95
2019,1970,1756,126,30,0,12,0,0,46
