﻿Fiscal Year,Total number of children,"White Alone, Non Hispanic or Latino",Hispanic or Latino (of any race),"Black or African American, Non-Hispanic or Latino","American Indian and Alaska Native, Non-Hispanic or Latino","Asian, Non-Hispanic or Latino","Native Hawaiian and Other Pacific Islander, Non-Hispanic or Latino","Other, Non-Hispanic or Latino","Two or More Races, Non-Hispanic or Latino"
2016,317,260,15,0,3,0,0,0,39
2017,288,261,18,0,7,0,0,0,2
2018,265,255,0,0,8,0,0,0,2
2019,255,247,0,0,7,0,0,0,1
