﻿Fiscal Year,Total number of children,"White Alone, Non Hispanic or Latino",Hispanic or Latino (of any race),"Black or African American, Non-Hispanic or Latino","American Indian and Alaska Native, Non-Hispanic or Latino","Asian, Non-Hispanic or Latino","Native Hawaiian and Other Pacific Islander, Non-Hispanic or Latino","Other, Non-Hispanic or Latino","Two or More Races, Non-Hispanic or Latino"
2016,963,893,40,3,0,15,0,1,10
2017,923,870,13,4,0,3,0,1,32
2018,923,818,46,4,0,3,0,1,51
2019,946,823,56,6,4,4,0,2,51
