0,1,2,3,4,5,6,7,8,9,10,11,12,13,14,15,16
Fiscal Year,Num of Sites (PFA),Proposed Capacity(PFA),Num of Sites (PFA-E),Proposed Capacity(PFA-E),Num of Sites (HS),Funded Enrollment (HS),Num of Sites (EHS),Funded Enrollment (EHS),Num of Sites (PI),Proposed Capacity    (PI),Num of Sites (LCC),Total Licensed Capacity(LCC),Num of Sites (FCC),Total Licensed Capacity(FCC),Num of Sites (LexCC),Total Licensed Capacity(LexCC)
2017,21,1282,1,40,8,324,4,134,4,83,37,4107,190,1790,31,1111
2018,22,1375,2,80,9,325,5,130,4,152,34,3980,171,1613,35,1799
2019,19,1464,2,80,8,292,5,131,3,125,32,3869,162,1549,28,1173
2020,19,1463,2,80,8,292,6,238,4,283,29,3250,128,1235,18,649
