﻿Fiscal Year,Total number of children,"White Alone, Non Hispanic or Latino",Hispanic or Latino (of any race),"Black or African American, Non-Hispanic or Latino","American Indian and Alaska Native, Non-Hispanic or Latino","Asian, Non-Hispanic or Latino","Native Hawaiian and Other Pacific Islander, Non-Hispanic or Latino","Other, Non-Hispanic or Latino","Two or More Races, Non-Hispanic or Latino"
2016,2347,2215,33,10,0,0,0,0,77
2017,2318,2192,47,5,0,0,0,0,73
2018,2272,2198,4,6,0,0,0,0,64
2019,2279,2188,19,8,0,0,0,0,64
