0,1,2,3,4,5,6,7,8,9,10,11,12,13,14,15,16
Fiscal Year,Num of Sites (PFA),Proposed Capacity(PFA),Num of Sites (PFA-E),Proposed Capacity(PFA-E),Num of Sites (HS),Funded Enrollment (HS),Num of Sites (EHS),Funded Enrollment (EHS),Num of Sites (PI),Proposed Capacity    (PI),Num of Sites (LCC),Total Licensed Capacity(LCC),Num of Sites (FCC),Total Licensed Capacity(FCC),Num of Sites (LexCC),Total Licensed Capacity(LexCC)
2020,10,732,1,55,6,271,1,48,2,116,5,328,60,637,4,227
2019,10,681,0,0,6,271,1,48,2,92,6,366,67,698,5,303
2018,10,579,0,0,6,271,1,48,2,96,7,429,74,753,2,99
2017,10,600,0,0,6,313,1,48,2,31,7,433,87,866,5,302
