﻿Fiscal Year,Total number of children,"White Alone, Non Hispanic or Latino",Hispanic or Latino (of any race),"Black or African American, Non-Hispanic or Latino","American Indian and Alaska Native, Non-Hispanic or Latino","Asian, Non-Hispanic or Latino","Native Hawaiian and Other Pacific Islander, Non-Hispanic or Latino","Other, Non-Hispanic or Latino","Two or More Races, Non-Hispanic or Latino"
2016,5209,3386,435,1203,29,21,0,6,151
2017,5250,3368,429,1258,21,19,0,8,147
2018,5144,3290,409,1270,22,29,0,3,121
2019,5099,3218,391,1244,67,23,0,2,154
