0,1,2,3,4,5,6,7,8,9,10,11,12,13,14,15,16
Fiscal Year,Num of Sites (PFA),Proposed Capacity(PFA),Num of Sites (PFA-E),Proposed Capacity(PFA-E),Num of Sites (HS),Funded Enrollment (HS),Num of Sites (EHS),Funded Enrollment (EHS),Num of Sites (PI),Proposed Capacity    (PI),Num of Sites (LCC),Total Licensed Capacity(LCC),Num of Sites (FCC),Total Licensed Capacity(FCC),Num of Sites (LexCC),Total Licensed Capacity(LexCC)
2017,17,898,0,0,6,222,0,0,3,90,7,561,40,389,3,110
2018,17,868,0,0,7,239,0,0,4,191,7,549,35,329,5,233
2019,14,760,2,60,7,239,0,0,9,317,7,533,35,324,3,130
2020,17,920,2,60,7,191,0,0,9,297,7,599,31,293,2,60
