﻿Fiscal Year,Total number of children,"White Alone, Non Hispanic or Latino",Hispanic or Latino (of any race),"Black or African American, Non-Hispanic or Latino","American Indian and Alaska Native, Non-Hispanic or Latino","Asian, Non-Hispanic or Latino","Native Hawaiian and Other Pacific Islander, Non-Hispanic or Latino","Other, Non-Hispanic or Latino","Two or More Races, Non-Hispanic or Latino"
2016,2213,2060,86,28,0,15,0,0,32
2017,2277,2083,96,24,0,4,0,1,70
2018,2231,2084,90,16,0,6,0,0,35
2019,2255,2129,76,18,0,5,0,0,27
