﻿Fiscal Year,Total number of children,"White Alone, Non Hispanic or Latino",Hispanic or Latino (of any race),"Black or African American, Non-Hispanic or Latino","American Indian and Alaska Native, Non-Hispanic or Latino","Asian, Non-Hispanic or Latino","Native Hawaiian and Other Pacific Islander, Non-Hispanic or Latino","Other, Non-Hispanic or Latino","Two or More Races, Non-Hispanic or Latino"
2016,561,551,4,1,0,7,0,0,0
2017,572,555,0,1,0,0,0,0,16
2018,585,559,0,12,0,0,0,0,14
2019,597,559,0,8,0,1,0,0,29
