﻿Fiscal Year,Total number of children,"White Alone, Non Hispanic or Latino",Hispanic or Latino (of any race),"Black or African American, Non-Hispanic or Latino","American Indian and Alaska Native, Non-Hispanic or Latino","Asian, Non-Hispanic or Latino","Native Hawaiian and Other Pacific Islander, Non-Hispanic or Latino","Other, Non-Hispanic or Latino","Two or More Races, Non-Hispanic or Latino"
2016,5567,5075,130,117,3,58,14,0,161
2017,5529,5047,162,122,16,46,12,0,125
2018,5452,4997,141,109,12,34,4,0,156
2019,5369,4944,113,88,10,18,9,0,187
