0,1,2,3,4,5,6,7,8,9,10,11,12,13,14,15,16
Fiscal Year,Num of Sites (PFA),Proposed Capacity(PFA),Num of Sites (PFA-E),Proposed Capacity(PFA-E),Num of Sites (HS),Funded Enrollment (HS),Num of Sites (EHS),Funded Enrollment (EHS),Num of Sites (PI),Proposed Capacity    (PI),Num of Sites (LCC),Total Licensed Capacity(LCC),Num of Sites (FCC),Total Licensed Capacity(FCC),Num of Sites (LexCC),Total Licensed Capacity(LexCC)
2017,20,703,0,0,4,208,0,0,4,177,10,799,89,875,3,170
2018,20,700,0,0,4,208,0,0,4,221,8,480,81,815,5,207
2019,20,745,0,0,4,208,0,0,4,236,7,521,74,749,4,210
2020,20,740,0,0,4,208,0,0,6,232,6,726,55,533,2,120
