﻿Fiscal Year,Total number of children,"White Alone, Non Hispanic or Latino",Hispanic or Latino (of any race),"Black or African American, Non-Hispanic or Latino","American Indian and Alaska Native, Non-Hispanic or Latino","Asian, Non-Hispanic or Latino","Native Hawaiian and Other Pacific Islander, Non-Hispanic or Latino","Other, Non-Hispanic or Latino","Two or More Races, Non-Hispanic or Latino"
2016,6818,4002,1129,1379,41,49,0,4,210
2017,6723,3949,1090,1384,42,42,0,4,212
2018,6622,3892,1076,1387,25,33,0,7,203
2019,6604,3863,1083,1452,39,30,0,10,127
