﻿Fiscal Year,Total number of children,"White Alone, Non Hispanic or Latino",Hispanic or Latino (of any race),"Black or African American, Non-Hispanic or Latino","American Indian and Alaska Native, Non-Hispanic or Latino","Asian, Non-Hispanic or Latino","Native Hawaiian and Other Pacific Islander, Non-Hispanic or Latino","Other, Non-Hispanic or Latino","Two or More Races, Non-Hispanic or Latino"
2016,7840,6150,1253,179,0,37,0,6,208
2017,7845,6145,1207,150,0,24,0,9,309
2018,7758,6120,1170,127,2,20,0,7,311
2019,7672,6083,1159,102,2,0,0,5,321
