0,1,2,3,4,5,6,7,8,9,10,11,12,13,14,15,16
Fiscal Year,Num of Sites (PFA),Proposed Capacity(PFA),Num of Sites (PFA-E),Proposed Capacity(PFA-E),Num of Sites (HS),Funded Enrollment (HS),Num of Sites (EHS),Funded Enrollment (EHS),Num of Sites (PI),Proposed Capacity    (PI),Num of Sites (LCC),Total Licensed Capacity(LCC),Num of Sites (FCC),Total Licensed Capacity(FCC),Num of Sites (LexCC),Total Licensed Capacity(LexCC)
2017,13,770,0,0,5,240,4,53,3,184,21,1278,150,1478,7,352
2018,11,730,0,0,5,223,4,53,2,194,23,1484,135,1329,9,322
2019,10,780,0,0,5,223,4,53,2,180,20,1327,125,1199,5,384
2020,10,769,0,0,5,223,4,53,2,155,18,1191,107,1025,6,392
