0,1,2,3,4,5,6,7,8,9,10,11,12,13,14,15,16
Fiscal Year,Num of Sites (PFA),Proposed Capacity(PFA),Num of Sites (PFA-E),Proposed Capacity(PFA-E),Num of Sites (HS),Funded Enrollment (HS),Num of Sites (EHS),Funded Enrollment (EHS),Num of Sites (PI),Proposed Capacity    (PI),Num of Sites (LCC),Total Licensed Capacity(LCC),Num of Sites (FCC),Total Licensed Capacity(FCC),Num of Sites (LexCC),Total Licensed Capacity(LexCC)
2017,19,1187,0,0,7,575,6,96,7,275,15,1562,267,2443,16,635
2018,19,1187,0,0,6,499,6,98,5,251,14,1555,238,2211,16,1355
2019,15,1156,1,40,6,499,6,102,8,292,12,1370,218,2039,16,623
2020,17,1370,1,40,5,466,6,105,7,222,11,1495,166,1561,10,316
