﻿Fiscal Year,Total number of children,"White Alone, Non Hispanic or Latino",Hispanic or Latino (of any race),"Black or African American, Non-Hispanic or Latino","American Indian and Alaska Native, Non-Hispanic or Latino","Asian, Non-Hispanic or Latino","Native Hawaiian and Other Pacific Islander, Non-Hispanic or Latino","Other, Non-Hispanic or Latino","Two or More Races, Non-Hispanic or Latino"
2016,12327,8847,2248,726,0,370,0,4,369
2017,12168,8649,2284,673,0,308,0,5,250
2018,12024,8438,2337,588,0,274,0,11,377
2019,11881,8288,2352,613,0,273,0,10,345
