0,1,2,3,4,5,6,7,8,9,10,11,12,13,14,15,16
Fiscal Year,Num of Sites (PFA),Proposed Capacity(PFA),Num of Sites (PFA-E),Proposed Capacity(PFA-E),Num of Sites (HS),Funded Enrollment (HS),Num of Sites (EHS),Funded Enrollment (EHS),Num of Sites (PI),Proposed Capacity    (PI),Num of Sites (LCC),Total Licensed Capacity(LCC),Num of Sites (FCC),Total Licensed Capacity(FCC),Num of Sites (LexCC),Total Licensed Capacity(LexCC)
2017,8,761,0,0,2,40,0,0,1,30,29,3131,68,679,11,568
2018,9,835,1,100,2,40,0,0,1,32,30,3193,62,631,10,416
2019,10,922,1,40,2,40,0,0,1,32,30,3122,53,530,9,407
2020,12,1136,1,40,2,37,0,0,1,32,24,2854,44,457,4,623
