﻿Fiscal Year,Total number of children,"White Alone, Non Hispanic or Latino",Hispanic or Latino (of any race),"Black or African American, Non-Hispanic or Latino","American Indian and Alaska Native, Non-Hispanic or Latino","Asian, Non-Hispanic or Latino","Native Hawaiian and Other Pacific Islander, Non-Hispanic or Latino","Other, Non-Hispanic or Latino","Two or More Races, Non-Hispanic or Latino"
2016,12225,7207,1213,2065,9,864,0,33,762
2017,12310,7224,1271,2241,10,844,0,22,697
2018,12337,7119,1303,2304,20,820,0,44,726
2019,12231,7035,1292,2254,0,828,0,50,772
