0,1,2,3,4,5,6,7,8,9,10,11,12,13,14,15,16
Fiscal Year,Num of Sites (PFA),Proposed Capacity(PFA),Num of Sites (PFA-E),Proposed Capacity(PFA-E),Num of Sites (HS),Funded Enrollment (HS),Num of Sites (EHS),Funded Enrollment (EHS),Num of Sites (PI),Proposed Capacity    (PI),Num of Sites (LCC),Total Licensed Capacity(LCC),Num of Sites (FCC),Total Licensed Capacity(FCC),Num of Sites (LexCC),Total Licensed Capacity(LexCC)
2017,12,970,0,0,7,484,7,114,3,190,38,3560,250,2375,17,874
2018,13,1102,4,348,7,467,6,106,4,310,39,3770,215,2093,19,1848
2019,17,1318,3,157,9,448,7,119,4,350,39,3827,219,2108,16,966
2020,14,1300,3,141,8,450,6,216,4,365,34,3643,191,1850,14,952
