﻿Fiscal Year,Total number of children,"White Alone, Non Hispanic or Latino",Hispanic or Latino (of any race),"Black or African American, Non-Hispanic or Latino","American Indian and Alaska Native, Non-Hispanic or Latino","Asian, Non-Hispanic or Latino","Native Hawaiian and Other Pacific Islander, Non-Hispanic or Latino","Other, Non-Hispanic or Latino","Two or More Races, Non-Hispanic or Latino"
2016,654,597,28,0,0,0,3,0,26
2017,642,592,0,0,0,0,3,0,47
2018,668,598,0,0,0,0,3,0,67
2019,684,603,0,0,0,0,0,0,81
