﻿Fiscal Year,Total number of children,"White Alone, Non Hispanic or Latino",Hispanic or Latino (of any race),"Black or African American, Non-Hispanic or Latino","American Indian and Alaska Native, Non-Hispanic or Latino","Asian, Non-Hispanic or Latino","Native Hawaiian and Other Pacific Islander, Non-Hispanic or Latino","Other, Non-Hispanic or Latino","Two or More Races, Non-Hispanic or Latino"
2016,2715,2295,289,57,0,0,0,4,54
2017,2759,2341,291,75,0,0,0,5,46
2018,2741,2321,285,80,0,0,0,7,48
2019,2706,2280,274,79,0,0,0,8,65
