﻿Fiscal Year,Total number of children,"White Alone, Non Hispanic or Latino",Hispanic or Latino (of any race),"Black or African American, Non-Hispanic or Latino","American Indian and Alaska Native, Non-Hispanic or Latino","Asian, Non-Hispanic or Latino","Native Hawaiian and Other Pacific Islander, Non-Hispanic or Latino","Other, Non-Hispanic or Latino","Two or More Races, Non-Hispanic or Latino"
2016,760,618,66,41,0,6,0,0,47
2017,740,638,24,42,0,18,0,0,18
2018,770,635,48,26,0,18,0,0,43
2019,773,646,55,0,0,16,0,0,56
