﻿Fiscal Year,Total number of children,"White Alone, Non Hispanic or Latino",Hispanic or Latino (of any race),"Black or African American, Non-Hispanic or Latino","American Indian and Alaska Native, Non-Hispanic or Latino","Asian, Non-Hispanic or Latino","Native Hawaiian and Other Pacific Islander, Non-Hispanic or Latino","Other, Non-Hispanic or Latino","Two or More Races, Non-Hispanic or Latino"
2016,6637,4117,277,1298,39,84,0,19,785
2017,6614,4084,272,1363,50,55,0,18,772
2018,6554,4026,271,1373,47,67,0,23,747
2019,6501,4003,263,1245,0,36,0,25,929
