0,1,2,3,4,5,6,7,8,9,10,11,12,13,14,15,16
Fiscal Year,Num of Sites (PFA),Proposed Capacity(PFA),Num of Sites (PFA-E),Proposed Capacity(PFA-E),Num of Sites (HS),Funded Enrollment (HS),Num of Sites (EHS),Funded Enrollment (EHS),Num of Sites (PI),Proposed Capacity    (PI),Num of Sites (LCC),Total Licensed Capacity(LCC),Num of Sites (FCC),Total Licensed Capacity(FCC),Num of Sites (LexCC),Total Licensed Capacity(LexCC)
2017,25,1552,1,20,6,564,6,235,11,295,49,4301,73,723,18,1414
2018,23,1540,5,112,6,507,6,286,11,300,48,4339,64,644,17,716
2019,23,1702,8,254,6,507,6,286,6,250,45,4317,66,632,19,1365
2020,25,1722,9,291,6,473,6,286,7,426,42,4171,44,464,16,1281
