﻿Fiscal Year,Total number of children,"White Alone, Non Hispanic or Latino",Hispanic or Latino (of any race),"Black or African American, Non-Hispanic or Latino","American Indian and Alaska Native, Non-Hispanic or Latino","Asian, Non-Hispanic or Latino","Native Hawaiian and Other Pacific Islander, Non-Hispanic or Latino","Other, Non-Hispanic or Latino","Two or More Races, Non-Hispanic or Latino"
2016,1697,1697,0,0,0,0,0,0,0
2017,1812,1726,41,0,0,29,0,0,16
2018,1810,1736,23,0,0,40,0,0,11
2019,1840,1748,19,0,0,46,0,9,18
