﻿Fiscal Year,Total number of children,"White Alone, Non Hispanic or Latino",Hispanic or Latino (of any race),"Black or African American, Non-Hispanic or Latino","American Indian and Alaska Native, Non-Hispanic or Latino","Asian, Non-Hispanic or Latino","Native Hawaiian and Other Pacific Islander, Non-Hispanic or Latino","Other, Non-Hispanic or Latino","Two or More Races, Non-Hispanic or Latino"
2016,859,814,5,0,0,0,0,0,32
2017,862,776,3,0,0,0,0,0,83
2018,841,763,11,0,0,0,0,0,67
2019,782,751,0,22,0,0,0,0,9
