﻿Fiscal Year,Total number of children,"White Alone, Non Hispanic or Latino",Hispanic or Latino (of any race),"Black or African American, Non-Hispanic or Latino","American Indian and Alaska Native, Non-Hispanic or Latino","Asian, Non-Hispanic or Latino","Native Hawaiian and Other Pacific Islander, Non-Hispanic or Latino","Other, Non-Hispanic or Latino","Two or More Races, Non-Hispanic or Latino"
2016,1033,934,15,6,0,10,0,0,69
2017,1079,933,59,6,0,6,0,4,71
2018,1117,926,76,25,0,7,0,6,76
2019,1089,931,77,19,0,8,0,0,54
