﻿Fiscal Year,Total number of children,"White Alone, Non Hispanic or Latino",Hispanic or Latino (of any race),"Black or African American, Non-Hispanic or Latino","American Indian and Alaska Native, Non-Hispanic or Latino","Asian, Non-Hispanic or Latino","Native Hawaiian and Other Pacific Islander, Non-Hispanic or Latino","Other, Non-Hispanic or Latino","Two or More Races, Non-Hispanic or Latino"
2016,965,895,45,8,0,0,0,0,16
2017,985,909,45,19,0,0,0,0,12
2018,963,904,24,25,0,0,0,0,10
2019,968,903,35,0,0,5,0,0,25
