0,1,2,3,4,5,6,7,8,9,10,11,12,13,14,15,16
Fiscal Year,Num of Sites (PFA),Proposed Capacity(PFA),Num of Sites (PFA-E),Proposed Capacity(PFA-E),Num of Sites (HS),Funded Enrollment (HS),Num of Sites (EHS),Funded Enrollment (EHS),Num of Sites (PI),Proposed Capacity    (PI),Num of Sites (LCC),Total Licensed Capacity(LCC),Num of Sites (FCC),Total Licensed Capacity(FCC),Num of Sites (LexCC),Total Licensed Capacity(LexCC)
2017,3,270,0,0,2,333,2,26,1,68,4,754,164,1484,11,514
2018,3,270,0,0,2,333,2,26,1,68,4,759,145,1335,10,1017
2019,3,310,0,0,2,331,2,26,1,68,3,686,143,1311,11,505
2020,2,230,0,0,2,331,2,36,0,0,5,930,105,965,6,213
