﻿Fiscal Year,Total number of children,"White Alone, Non Hispanic or Latino",Hispanic or Latino (of any race),"Black or African American, Non-Hispanic or Latino","American Indian and Alaska Native, Non-Hispanic or Latino","Asian, Non-Hispanic or Latino","Native Hawaiian and Other Pacific Islander, Non-Hispanic or Latino","Other, Non-Hispanic or Latino","Two or More Races, Non-Hispanic or Latino"
2016,4070,3520,34,252,10,30,0,8,186
2017,4074,3546,49,276,14,42,0,15,132
2018,4124,3510,117,320,29,32,0,17,99
2019,4067,3494,95,324,22,22,0,16,94
