﻿Fiscal Year,Total number of children,"White Alone, Non Hispanic or Latino",Hispanic or Latino (of any race),"Black or African American, Non-Hispanic or Latino","American Indian and Alaska Native, Non-Hispanic or Latino","Asian, Non-Hispanic or Latino","Native Hawaiian and Other Pacific Islander, Non-Hispanic or Latino","Other, Non-Hispanic or Latino","Two or More Races, Non-Hispanic or Latino"
2016,2116,1883,112,8,0,4,0,0,90
2017,2067,1932,84,0,0,3,0,0,48
2018,2076,1929,110,0,0,0,0,0,37
2019,2088,1955,110,0,0,0,0,0,23
