﻿Fiscal Year,Total number of children,"White Alone, Non Hispanic or Latino",Hispanic or Latino (of any race),"Black or African American, Non-Hispanic or Latino","American Indian and Alaska Native, Non-Hispanic or Latino","Asian, Non-Hispanic or Latino","Native Hawaiian and Other Pacific Islander, Non-Hispanic or Latino","Other, Non-Hispanic or Latino","Two or More Races, Non-Hispanic or Latino"
2016,3302,3163,6,101,0,1,0,0,21
2017,3414,3212,50,75,0,29,0,0,47
2018,3436,3216,36,86,0,40,0,0,58
2019,3415,3202,32,29,0,46,3,9,94
