﻿Fiscal Year,Total number of children,"White Alone, Non Hispanic or Latino",Hispanic or Latino (of any race),"Black or African American, Non-Hispanic or Latino","American Indian and Alaska Native, Non-Hispanic or Latino","Asian, Non-Hispanic or Latino","Native Hawaiian and Other Pacific Islander, Non-Hispanic or Latino","Other, Non-Hispanic or Latino","Two or More Races, Non-Hispanic or Latino"
2016,4241,4009,79,28,16,7,0,0,101
2017,4234,3982,72,7,5,0,0,0,168
2018,4263,4003,95,31,3,0,0,0,131
2019,4186,3949,82,49,0,1,0,0,105
