0,1,2,3,4,5,6,7,8,9,10,11,12,13,14,15,16
Fiscal Year,Num of Sites (PFA),Proposed Capacity(PFA),Num of Sites (PFA-E),Proposed Capacity(PFA-E),Num of Sites (HS),Funded Enrollment (HS),Num of Sites (EHS),Funded Enrollment (EHS),Num of Sites (PI),Proposed Capacity    (PI),Num of Sites (LCC),Total Licensed Capacity(LCC),Num of Sites (FCC),Total Licensed Capacity(FCC),Num of Sites (LexCC),Total Licensed Capacity(LexCC)
2017,13,792,0,0,6,383,6,88,5,142,21,1921,46,408,7,578
2018,13,792,2,60,6,383,8,104,6,275,22,1932,44,396,10,376
2019,11,625,2,60,6,384,8,104,5,245,20,1805,40,365,7,668
2020,12,665,3,77,5,383,7,96,5,245,18,1542,37,349,3,310
