0,1,2,3,4,5,6,7,8,9,10,11,12,13,14,15,16
Fiscal Year,Num of Sites (PFA),Proposed Capacity(PFA),Num of Sites (PFA-E),Proposed Capacity(PFA-E),Num of Sites (HS),Funded Enrollment (HS),Num of Sites (EHS),Funded Enrollment (EHS),Num of Sites (PI),Proposed Capacity    (PI),Num of Sites (LCC),Total Licensed Capacity(LCC),Num of Sites (FCC),Total Licensed Capacity(FCC),Num of Sites (LexCC),Total Licensed Capacity(LexCC)
2017,26,1235,0,0,6,586,3,111,7,233,41,4377,81,747,6,560
2018,21,1101,6,140,5,587,4,111,7,345,39,4180,72,689,7,244
2019,25,1190,3,180,5,587,3,111,7,371,37,4017,66,623,7,759
2020,23,1095,3,180,6,585,4,111,8,427,35,3501,50,433,6,319
