0,1,2,3,4,5,6,7,8,9,10,11,12,13,14,15,16
Fiscal Year,Num of Sites (PFA),Proposed Capacity(PFA),Num of Sites (PFA-E),Proposed Capacity(PFA-E),Num of Sites (HS),Funded Enrollment (HS),Num of Sites (EHS),Funded Enrollment (EHS),Num of Sites (PI),Proposed Capacity    (PI),Num of Sites (LCC),Total Licensed Capacity(LCC),Num of Sites (FCC),Total Licensed Capacity(FCC),Num of Sites (LexCC),Total Licensed Capacity(LexCC)
2017,12,2336,4,160,6,625,4,132,3,277,44,3580,258,2625,11,1219
2018,10,2296,4,160,7,593,3,48,2,220,41,3521,252,2540,13,1003
2019,10,2400,5,280,7,680,4,72,3,301,39,3786,194,1980,11,941
2020,13,2514,4,280,4,534,5,180,2,290,30,3378,187,1848,6,175
