﻿Fiscal Year,Total number of children,"White Alone, Non Hispanic or Latino",Hispanic or Latino (of any race),"Black or African American, Non-Hispanic or Latino","American Indian and Alaska Native, Non-Hispanic or Latino","Asian, Non-Hispanic or Latino","Native Hawaiian and Other Pacific Islander, Non-Hispanic or Latino","Other, Non-Hispanic or Latino","Two or More Races, Non-Hispanic or Latino"
2016,3946,3383,141,170,1,57,0,1,186
2017,3993,3423,143,118,2,77,0,2,228
2018,3986,3405,155,104,2,76,0,1,243
2019,3911,3356,145,136,4,68,0,2,200
