﻿Fiscal Year,Total number of children,"White Alone, Non Hispanic or Latino",Hispanic or Latino (of any race),"Black or African American, Non-Hispanic or Latino","American Indian and Alaska Native, Non-Hispanic or Latino","Asian, Non-Hispanic or Latino","Native Hawaiian and Other Pacific Islander, Non-Hispanic or Latino","Other, Non-Hispanic or Latino","Two or More Races, Non-Hispanic or Latino"
2016,300,187,8,75,0,0,0,3,30
2017,295,181,15,57,0,0,0,2,40
2018,312,196,16,62,0,0,0,2,37
2019,280,192,22,44,0,0,0,0,22
