0,1,2,3,4,5,6,7,8,9,10,11,12,13,14,15,16
Fiscal Year,Num of Sites (PFA),Proposed Capacity(PFA),Num of Sites (PFA-E),Proposed Capacity(PFA-E),Num of Sites (HS),Funded Enrollment (HS),Num of Sites (EHS),Funded Enrollment (EHS),Num of Sites (PI),Proposed Capacity    (PI),Num of Sites (LCC),Total Licensed Capacity(LCC),Num of Sites (FCC),Total Licensed Capacity(FCC),Num of Sites (LexCC),Total Licensed Capacity(LexCC)
2017,18,2121,16,680,6,594,3,170,11,632,96,9814,109,1068,26,2481
2018,16,2137,20,850,6,594,6,250,11,817,99,10023,104,1011,37,2356
2019,15,2237,18,838,6,594,7,282,9,816,85,8834,85,837,27,2493
2020,15,2161,21,803,9,283,6,224,9,931,66,6799,81,820,12,973
