﻿Fiscal Year,Total number of children,"White Alone, Non Hispanic or Latino",Hispanic or Latino (of any race),"Black or African American, Non-Hispanic or Latino","American Indian and Alaska Native, Non-Hispanic or Latino","Asian, Non-Hispanic or Latino","Native Hawaiian and Other Pacific Islander, Non-Hispanic or Latino","Other, Non-Hispanic or Latino","Two or More Races, Non-Hispanic or Latino"
2016,1456,1302,30,50,0,15,0,0,54
2017,1456,1331,0,67,0,17,0,0,41
2018,1471,1332,6,68,0,17,0,0,48
2019,1502,1332,11,52,0,16,0,0,91
