0,1,2,3,4,5,6,7,8,9,10,11,12,13,14,15,16
Fiscal Year,Num of Sites (PFA),Proposed Capacity(PFA),Num of Sites (PFA-E),Proposed Capacity(PFA-E),Num of Sites (HS),Funded Enrollment (HS),Num of Sites (EHS),Funded Enrollment (EHS),Num of Sites (PI),Proposed Capacity    (PI),Num of Sites (LCC),Total Licensed Capacity(LCC),Num of Sites (FCC),Total Licensed Capacity(FCC),Num of Sites (LexCC),Total Licensed Capacity(LexCC)
2017,688,28749,122,2232,408,17524,158,4421,446,6484,962,77390,1955,19958,416,19199
2018,724,35713,155,4077,357,13346,176,4903,186,7363,957,77807,1841,19329,407,22283
2019,750,36047,147,3251,360,13341,183,4915,196,8764,947,77504,1761,18484,410,19095
2020,729,35958,160,3520,230,8570,205,5224,179,8431,861,70002,1521,15941,115,6722
