﻿Fiscal Year,Total number of children,"White Alone, Non Hispanic or Latino",Hispanic or Latino (of any race),"Black or African American, Non-Hispanic or Latino","American Indian and Alaska Native, Non-Hispanic or Latino","Asian, Non-Hispanic or Latino","Native Hawaiian and Other Pacific Islander, Non-Hispanic or Latino","Other, Non-Hispanic or Latino","Two or More Races, Non-Hispanic or Latino"
2016,281,276,0,0,0,0,0,0,4
2017,277,269,3,0,0,0,0,0,5
2018,276,274,2,0,0,0,0,0,0
2019,296,276,20,0,0,0,0,0,0
