﻿Fiscal Year,Total number of children,"White Alone, Non Hispanic or Latino",Hispanic or Latino (of any race),"Black or African American, Non-Hispanic or Latino","American Indian and Alaska Native, Non-Hispanic or Latino","Asian, Non-Hispanic or Latino","Native Hawaiian and Other Pacific Islander, Non-Hispanic or Latino","Other, Non-Hispanic or Latino","Two or More Races, Non-Hispanic or Latino"
2016,906,843,30,5,0,18,0,0,23
2017,959,827,38,7,0,21,0,7,59
2018,957,884,17,5,0,24,0,7,20
2019,984,885,29,6,0,30,0,7,27
