0,1,2,3,4,5,6,7,8,9,10,11,12,13,14,15,16
Fiscal Year,Num of Sites (PFA),Proposed Capacity(PFA),Num of Sites (PFA-E),Proposed Capacity(PFA-E),Num of Sites (HS),Funded Enrollment (HS),Num of Sites (EHS),Funded Enrollment (EHS),Num of Sites (PI),Proposed Capacity    (PI),Num of Sites (LCC),Total Licensed Capacity(LCC),Num of Sites (FCC),Total Licensed Capacity(FCC),Num of Sites (LexCC),Total Licensed Capacity(LexCC)
2017,4,200,0,0,2,53,2,12,0,0,6,412,67,665,3,154
2018,3,160,0,0,2,53,2,12,0,0,7,472,57,561,5,216
2019,4,260,0,0,2,53,2,12,0,0,5,316,50,486,2,124
2020,4,260,0,0,2,53,2,12,0,0,3,196,44,433,2,146
