0,1,2,3,4,5,6,7,8,9,10,11,12,13,14,15,16
Fiscal Year,Num of Sites (PFA),Proposed Capacity(PFA),Num of Sites (PFA-E),Proposed Capacity(PFA-E),Num of Sites (HS),Funded Enrollment (HS),Num of Sites (EHS),Funded Enrollment (EHS),Num of Sites (PI),Proposed Capacity    (PI),Num of Sites (LCC),Total Licensed Capacity(LCC),Num of Sites (FCC),Total Licensed Capacity(FCC),Num of Sites (LexCC),Total Licensed Capacity(LexCC)
2017,8,660,1,40,4,187,1,57,3,49,32,3764,137,1289,23,949
2018,8,700,2,80,5,204,2,57,3,110,30,3702,123,1163,27,1557
2019,8,835,2,80,4,170,2,57,2,75,29,3682,116,1116,21,969
2020,8,835,2,80,4,170,3,182,3,233,26,3060,88,852,12,508
