0,1,2,3,4,5,6,7,8,9,10,11,12,13,14,15,16
Fiscal Year,Num of Sites (PFA),Proposed Capacity(PFA),Num of Sites (PFA-E),Proposed Capacity(PFA-E),Num of Sites (HS),Funded Enrollment (HS),Num of Sites (EHS),Funded Enrollment (EHS),Num of Sites (PI),Proposed Capacity    (PI),Num of Sites (LCC),Total Licensed Capacity(LCC),Num of Sites (FCC),Total Licensed Capacity(FCC),Num of Sites (LexCC),Total Licensed Capacity(LexCC)
2017,9,300,0,0,2,260,0,0,0,0,8,548,24,265,4,216
2018,9,300,0,0,4,262,0,0,0,0,9,618,21,223,3,386
2019,8,300,0,0,4,212,1,28,0,0,8,553,20,215,3,156
2020,9,340,0,0,2,214,1,28,0,0,7,502,19,184,3,90
