﻿Fiscal Year,Total number of children,"White Alone, Non Hispanic or Latino",Hispanic or Latino (of any race),"Black or African American, Non-Hispanic or Latino","American Indian and Alaska Native, Non-Hispanic or Latino","Asian, Non-Hispanic or Latino","Native Hawaiian and Other Pacific Islander, Non-Hispanic or Latino","Other, Non-Hispanic or Latino","Two or More Races, Non-Hispanic or Latino"
2016,2455,2092,92,90,7,13,0,0,169
2017,2396,2081,61,101,7,0,0,0,145
2018,2400,2086,63,96,7,3,0,0,145
2019,2411,2054,106,78,5,3,0,0,165
