0,1,2,3,4,5,6,7,8,9,10,11,12,13,14,15,16
Fiscal Year,Num of Sites (PFA),Proposed Capacity(PFA),Num of Sites (PFA-E),Proposed Capacity(PFA-E),Num of Sites (HS),Funded Enrollment (HS),Num of Sites (EHS),Funded Enrollment (EHS),Num of Sites (PI),Proposed Capacity(PI),Num of Sites (LCC),Total Licensed Capacity(LCC),Num of Sites (FCC),Total Licensed Capacity(FCC),Num of Sites (LexCC),Total Licensed Capacity(LexCC)
2016,6,948,8,350,2,278,1,48,5,248,41,3944,70,669,12,1036
2017,5,1020,8,380,2,233,1,48,6,358,41,4164,67,668,12,1036
2018,5,1020,11,492,2,233,4,128,5,411,41,3858,69,695,17,1172
2019,5,1038,9,500,2,233,4,152,5,475,34,3424,50,514,11,906
