Fiscal Year,Total number of children,"White Alone, Non Hispanic or Latino",Hispanic or Latino (of any race),"Black or African American, Non-Hispanic or Latino","American Indian and Alaska Native, Non-Hispanic or Latino","Asian, Non-Hispanic or Latino","Native Hawaiian and Other Pacific Islander, Non-Hispanic or Latino","Other, Non-Hispanic or Latino","Two or More Races, Non-Hispanic or Latino"
2015,16007,5006,7779,1725,55,1055,0,0,0
2016,15460,4551,7653,1695,8,1033,0,14,528
2017,16416,5435,7742,1740,5,1009,26,21,438
2018,16644,5467,7747,1713,4,1059,52,22,580
