﻿Fiscal Year,Total number of children,"White Alone, Non Hispanic or Latino",Hispanic or Latino (of any race),"Black or African American, Non-Hispanic or Latino","American Indian and Alaska Native, Non-Hispanic or Latino","Asian, Non-Hispanic or Latino","Native Hawaiian and Other Pacific Islander, Non-Hispanic or Latino","Other, Non-Hispanic or Latino","Two or More Races, Non-Hispanic or Latino"
2016,985,887,34,14,5,0,0,0,41
2017,919,865,22,27,0,0,0,0,5
2018,903,846,26,18,0,0,0,0,14
2019,905,878,17,0,0,0,0,0,10
