﻿Fiscal Year,Total number of children,"White Alone, Non Hispanic or Latino",Hispanic or Latino (of any race),"Black or African American, Non-Hispanic or Latino","American Indian and Alaska Native, Non-Hispanic or Latino","Asian, Non-Hispanic or Latino","Native Hawaiian and Other Pacific Islander, Non-Hispanic or Latino","Other, Non-Hispanic or Latino","Two or More Races, Non-Hispanic or Latino"
2016,965,907,20,9,0,10,0,0,18
2017,948,912,14,0,0,6,0,0,16
2018,928,909,6,0,0,8,0,0,5
2019,901,883,0,8,0,9,0,0,1
