0,1,2,3,4,5,6,7,8,9,10,11,12,13,14,15,16
Fiscal Year,Num of Sites (PFA),Proposed Capacity(PFA),Num of Sites (PFA-E),Proposed Capacity(PFA-E),Num of Sites (HS),Funded Enrollment (HS),Num of Sites (EHS),Funded Enrollment (EHS),Num of Sites (PI),Proposed Capacity    (PI),Num of Sites (LCC),Total Licensed Capacity(LCC),Num of Sites (FCC),Total Licensed Capacity(FCC),Num of Sites (LexCC),Total Licensed Capacity(LexCC)
2017,1,80,0,0,0,0,1,20,1,16,0,0,11,113,1,20
2018,1,80,0,0,0,0,1,20,1,18,0,0,8,82,2,130
2019,1,80,0,0,0,0,1,21,1,17,0,0,7,75,1,20
2020,1,80,0,0,0,0,1,20,1,15,0,0,7,61,1,25
