﻿Fiscal Year,Total number of children,"White Alone, Non Hispanic or Latino",Hispanic or Latino (of any race),"Black or African American, Non-Hispanic or Latino","American Indian and Alaska Native, Non-Hispanic or Latino","Asian, Non-Hispanic or Latino","Native Hawaiian and Other Pacific Islander, Non-Hispanic or Latino","Other, Non-Hispanic or Latino","Two or More Races, Non-Hispanic or Latino"
2016,16958,8826,1035,5581,0,224,0,22,1213
2017,16929,8772,1047,5597,0,269,3,40,1200
2018,16722,8553,1052,5801,0,271,2,73,971
2019,16567,8418,1040,5525,0,258,0,66,1260
