0,1,2,3,4,5,6,7,8,9,10,11,12,13,14,15,16
Fiscal Year,Num of Sites (PFA),Proposed Capacity(PFA),Num of Sites (PFA-E),Proposed Capacity(PFA-E),Num of Sites (HS),Funded Enrollment (HS),Num of Sites (EHS),Funded Enrollment (EHS),Num of Sites (PI),Proposed Capacity    (PI),Num of Sites (LCC),Total Licensed Capacity(LCC),Num of Sites (FCC),Total Licensed Capacity(FCC),Num of Sites (LexCC),Total Licensed Capacity(LexCC)
2017,10,2256,4,160,5,591,4,132,3,277,38,3234,235,2398,10,1189
2018,9,2256,4,160,6,559,3,48,2,220,35,3152,232,2354,10,746
2019,10,2400,5,280,6,646,4,72,3,301,34,3315,173,1776,10,911
2020,12,2474,4,280,4,534,5,180,2,290,26,2926,173,1711,5,145
