﻿Fiscal Year,Total number of children,"White Alone, Non Hispanic or Latino",Hispanic or Latino (of any race),"Black or African American, Non-Hispanic or Latino","American Indian and Alaska Native, Non-Hispanic or Latino","Asian, Non-Hispanic or Latino","Native Hawaiian and Other Pacific Islander, Non-Hispanic or Latino","Other, Non-Hispanic or Latino","Two or More Races, Non-Hispanic or Latino"
2016,201,160,0,0,0,30,0,0,11
2017,185,151,0,0,0,14,0,0,20
2018,172,143,0,0,0,14,0,0,15
2019,154,142,0,0,0,0,0,0,12
