﻿Fiscal Year,Total number of children,"White Alone, Non Hispanic or Latino",Hispanic or Latino (of any race),"Black or African American, Non-Hispanic or Latino","American Indian and Alaska Native, Non-Hispanic or Latino","Asian, Non-Hispanic or Latino","Native Hawaiian and Other Pacific Islander, Non-Hispanic or Latino","Other, Non-Hispanic or Latino","Two or More Races, Non-Hispanic or Latino"
2016,3168,2114,214,337,1,17,0,15,458
2017,3227,2145,222,427,1,26,0,26,380
2018,3019,2110,158,505,0,0,0,7,239
2019,3123,2111,214,489,13,0,0,17,279
