﻿Fiscal Year,Total number of children,"White Alone, Non Hispanic or Latino",Hispanic or Latino (of any race),"Black or African American, Non-Hispanic or Latino","American Indian and Alaska Native, Non-Hispanic or Latino","Asian, Non-Hispanic or Latino","Native Hawaiian and Other Pacific Islander, Non-Hispanic or Latino","Other, Non-Hispanic or Latino","Two or More Races, Non-Hispanic or Latino"
2016,8166,6898,401,384,43,30,0,11,356
2017,8165,6894,447,437,31,42,0,16,296
2018,8199,6824,517,499,45,32,0,19,263
2019,8147,6827,486,545,22,22,0,16,229
