﻿Fiscal Year,Total number of children,"White Alone, Non Hispanic or Latino",Hispanic or Latino (of any race),"Black or African American, Non-Hispanic or Latino","American Indian and Alaska Native, Non-Hispanic or Latino","Asian, Non-Hispanic or Latino","Native Hawaiian and Other Pacific Islander, Non-Hispanic or Latino","Other, Non-Hispanic or Latino","Two or More Races, Non-Hispanic or Latino"
2016,18100,9825,3623,2961,12,469,0,40,1223
2017,18007,9660,3564,3134,27,465,0,34,1123
2018,17975,9515,3588,3117,38,470,0,28,1219
2019,18072,9416,3643,3043,52,515,0,28,1375
