0,1,2,3,4,5,6,7,8,9,10,11,12,13,14,15,16
Fiscal Year,Num of Sites (PFA),Proposed Capacity(PFA),Num of Sites (PFA-E),Proposed Capacity(PFA-E),Num of Sites (HS),Funded Enrollment (HS),Num of Sites (EHS),Funded Enrollment (EHS),Num of Sites (PI),Proposed Capacity    (PI),Num of Sites (LCC),Total Licensed Capacity(LCC),Num of Sites (FCC),Total Licensed Capacity(FCC),Num of Sites (LexCC),Total Licensed Capacity(LexCC)
2017,24,1667,4,160,7,704,4,253,2,251,113,10929,227,2303,38,3110
2018,22,1570,8,277,6,506,4,265,2,175,111,10911,215,2219,46,3053
2019,22,1861,7,277,6,506,4,265,1,180,107,10806,193,2032,39,3236
2020,21,1910,7,300,6,506,4,265,4,242,90,9199,182,1848,17,1244
