﻿Fiscal Year,Total number of children,"White Alone, Non Hispanic or Latino",Hispanic or Latino (of any race),"Black or African American, Non-Hispanic or Latino","American Indian and Alaska Native, Non-Hispanic or Latino","Asian, Non-Hispanic or Latino","Native Hawaiian and Other Pacific Islander, Non-Hispanic or Latino","Other, Non-Hispanic or Latino","Two or More Races, Non-Hispanic or Latino"
2016,871,822,2,0,0,9,14,0,23
2017,842,787,8,0,0,13,12,0,22
2018,809,761,5,0,0,0,4,0,39
2019,780,742,16,0,0,0,9,0,13
