﻿Fiscal Year,Total number of children,"White Alone, Non Hispanic or Latino",Hispanic or Latino (of any race),"Black or African American, Non-Hispanic or Latino","American Indian and Alaska Native, Non-Hispanic or Latino","Asian, Non-Hispanic or Latino","Native Hawaiian and Other Pacific Islander, Non-Hispanic or Latino","Other, Non-Hispanic or Latino","Two or More Races, Non-Hispanic or Latino"
2016,1763,1411,280,18,0,14,0,1,38
2017,1774,1396,276,23,0,16,0,1,63
2018,1741,1375,265,21,0,24,0,2,55
2019,1711,1384,266,0,0,3,0,2,56
