﻿Fiscal Year,Total number of children,"White Alone, Non Hispanic or Latino",Hispanic or Latino (of any race),"Black or African American, Non-Hispanic or Latino","American Indian and Alaska Native, Non-Hispanic or Latino","Asian, Non-Hispanic or Latino","Native Hawaiian and Other Pacific Islander, Non-Hispanic or Latino","Other, Non-Hispanic or Latino","Two or More Races, Non-Hispanic or Latino"
2016,911,801,66,0,0,0,0,0,45
2017,907,710,60,13,0,0,0,1,123
2018,874,769,62,12,0,0,0,1,30
2019,857,773,35,16,0,0,0,0,33
