0,1,2,3,4,5,6,7,8,9,10,11,12,13,14,15,16
Fiscal Year,Num of Sites (PFA),Proposed Capacity(PFA),Num of Sites (PFA-E),Proposed Capacity(PFA-E),Num of Sites (HS),Funded Enrollment (HS),Num of Sites (EHS),Funded Enrollment (EHS),Num of Sites (PI),Proposed Capacity    (PI),Num of Sites (LCC),Total Licensed Capacity(LCC),Num of Sites (FCC),Total Licensed Capacity(FCC),Num of Sites (LexCC),Total Licensed Capacity(LexCC)
2017,14,1489,0,0,7,492,3,99,4,156,42,4518,173,1645,16,782
2018,13,1455,2,40,4,455,3,103,3,96,41,4438,165,1559,16,672
2019,13,1471,1,40,4,455,3,107,3,208,39,4000,154,1454,14,660
2020,12,1337,1,40,3,304,3,107,4,243,37,3990,131,1227,9,413
