0,1,2,3,4,5,6,7,8,9,10,11,12,13,14,15,16
Fiscal Year,Num of Sites (PFA),Proposed Capacity(PFA),Num of Sites (PFA-E),Proposed Capacity(PFA-E),Num of Sites (HS),Funded Enrollment (HS),Num of Sites (EHS),Funded Enrollment (EHS),Num of Sites (PI),Proposed Capacity    (PI),Num of Sites (LCC),Total Licensed Capacity(LCC),Num of Sites (FCC),Total Licensed Capacity(FCC),Num of Sites (LexCC),Total Licensed Capacity(LexCC)
2017,21,991,0,0,12,304,0,0,3,56,20,1232,108,1169,9,316
2018,21,948,7,140,12,304,0,0,4,127,19,1182,100,1009,9,434
2019,24,1308,3,96,11,305,0,0,6,252,19,1264,100,1015,8,238
2020,24,1366,3,96,12,296,0,0,4,210,19,1229,92,899,8,277
