﻿Fiscal Year,Total number of children,"White Alone, Non Hispanic or Latino",Hispanic or Latino (of any race),"Black or African American, Non-Hispanic or Latino","American Indian and Alaska Native, Non-Hispanic or Latino","Asian, Non-Hispanic or Latino","Native Hawaiian and Other Pacific Islander, Non-Hispanic or Latino","Other, Non-Hispanic or Latino","Two or More Races, Non-Hispanic or Latino"
2016,12924,7018,1005,3194,34,634,0,59,1026
2017,12978,6990,1032,3087,33,591,0,65,1180
2018,12805,6860,1029,3088,29,643,0,50,1107
2019,12699,6829,1036,3176,30,643,0,22,963
