﻿Fiscal Year,Total number of children,"White Alone, Non Hispanic or Latino",Hispanic or Latino (of any race),"Black or African American, Non-Hispanic or Latino","American Indian and Alaska Native, Non-Hispanic or Latino","Asian, Non-Hispanic or Latino","Native Hawaiian and Other Pacific Islander, Non-Hispanic or Latino","Other, Non-Hispanic or Latino","Two or More Races, Non-Hispanic or Latino"
2016,651,565,65,0,0,0,0,0,16
2017,637,581,27,0,0,0,0,0,29
2018,651,569,41,0,0,0,0,0,41
2019,651,565,39,0,0,0,0,1,46
