﻿0,1,2,3,4,5,6,7,8,9,10,11,12,13,14,15,16
Fiscal Year,Num of Sites (PFA),Proposed Capacity(PFA),Num of Sites (PFA-E),Proposed Capacity(PFA-E),Num of Sites (HS),Funded Enrollment (HS),Num of Sites (EHS),Funded Enrollment (EHS),Num of Sites (PI),Proposed Capacity    (PI),Num of Sites (LCC),Total Licensed Capacity(LCC),Num of Sites (FCC),Total Licensed Capacity(FCC),Num of Sites (LexCC),Total Licensed Capacity(LexCC)
2017,510,17374,107,1872,374,15769,122,3391,406,4849,476,36814,1312,13604,374,14607
2018,558,23914,121,3157,321,11657,133,3758,132,4717,476,36989,1231,13167,358,20357
2019,557,23025,111,2200,323,11572,140,3780,120,5397,475,37341,1190,12719,367,14501
2020,541,22994,116,2200,191,6948,162,4093,113,5499,448,34151,992,10654,103,5775
