0,1,2,3,4,5,6,7,8,9,10,11,12,13,14,15,16
Fiscal Year,Num of Sites (PFA),Proposed Capacity(PFA),Num of Sites (PFA-E),Proposed Capacity(PFA-E),Num of Sites (HS),Funded Enrollment (HS),Num of Sites (EHS),Funded Enrollment (EHS),Num of Sites (PI),Proposed Capacity    (PI),Num of Sites (LCC),Total Licensed Capacity(LCC),Num of Sites (FCC),Total Licensed Capacity(FCC),Num of Sites (LexCC),Total Licensed Capacity(LexCC)
2017,26,2410,1,80,9,542,2,70,6,367,147,13365,413,4407,22,1945
2018,26,2560,2,380,9,459,2,70,7,379,146,13061,441,4696,17,1455
2019,19,1598,1,80,8,396,2,70,6,364,143,13063,438,4686,23,2506
2020,29,2553,3,155,6,299,1,70,8,531,106,10688,336,3692,10,431
