﻿Fiscal Year,Total number of children,"White Alone, Non Hispanic or Latino",Hispanic or Latino (of any race),"Black or African American, Non-Hispanic or Latino","American Indian and Alaska Native, Non-Hispanic or Latino","Asian, Non-Hispanic or Latino","Native Hawaiian and Other Pacific Islander, Non-Hispanic or Latino","Other, Non-Hispanic or Latino","Two or More Races, Non-Hispanic or Latino"
2016,1785,1507,54,96,9,0,0,0,115
2017,1799,1473,98,111,7,0,0,0,109
2018,1773,1424,106,122,3,0,0,0,118
2019,1774,1430,92,153,0,0,0,0,99
