﻿Fiscal Year,Total number of children,"White Alone, Non Hispanic or Latino",Hispanic or Latino (of any race),"Black or African American, Non-Hispanic or Latino","American Indian and Alaska Native, Non-Hispanic or Latino","Asian, Non-Hispanic or Latino","Native Hawaiian and Other Pacific Islander, Non-Hispanic or Latino","Other, Non-Hispanic or Latino","Two or More Races, Non-Hispanic or Latino"
2016,6180,4072,1138,674,0,93,0,8,261
2017,6150,4033,1073,751,0,89,0,4,199
2018,6024,3948,1029,771,0,87,0,3,186
2019,6038,3980,1017,771,0,58,0,1,211
