0,1,2,3,4,5,6,7,8,9,10,11,12,13,14,15,16
Fiscal Year,Num of Sites (PFA),Proposed Capacity(PFA),Num of Sites (PFA-E),Proposed Capacity(PFA-E),Num of Sites (HS),Funded Enrollment (HS),Num of Sites (EHS),Funded Enrollment (EHS),Num of Sites (PI),Proposed Capacity    (PI),Num of Sites (LCC),Total Licensed Capacity(LCC),Num of Sites (FCC),Total Licensed Capacity(FCC),Num of Sites (LexCC),Total Licensed Capacity(LexCC)
2020,3,360,1,40,1,91,1,150,2,61,19,1462,41,420,8,444
2019,3,360,1,40,1,119,0,0,1,61,17,1241,50,492,7,254
2018,3,360,0,0,1,119,0,0,1,56,18,1361,55,562,5,148
2017,3,361,0,0,1,119,0,0,2,61,20,1617,68,684,8,297
