﻿Fiscal Year,Total number of children,"White Alone, Non Hispanic or Latino",Hispanic or Latino (of any race),"Black or African American, Non-Hispanic or Latino","American Indian and Alaska Native, Non-Hispanic or Latino","Asian, Non-Hispanic or Latino","Native Hawaiian and Other Pacific Islander, Non-Hispanic or Latino","Other, Non-Hispanic or Latino","Two or More Races, Non-Hispanic or Latino"
2016,11484,6521,1172,2051,9,864,0,33,762
2017,11582,6551,1227,2230,10,844,0,22,697
2018,11601,6430,1271,2289,20,820,0,44,726
2019,11511,6350,1271,2240,0,828,0,50,772
