﻿Fiscal Year,Total number of children,"White Alone, Non Hispanic or Latino",Hispanic or Latino (of any race),"Black or African American, Non-Hispanic or Latino","American Indian and Alaska Native, Non-Hispanic or Latino","Asian, Non-Hispanic or Latino","Native Hawaiian and Other Pacific Islander, Non-Hispanic or Latino","Other, Non-Hispanic or Latino","Two or More Races, Non-Hispanic or Latino"
2016,788,765,4,0,7,0,0,0,12
2017,766,763,3,0,0,0,0,0,0
2018,755,750,5,0,0,0,0,0,0
2019,744,744,0,0,0,0,0,0,0
