﻿Fiscal Year,Total number of children,"White Alone, Non Hispanic or Latino",Hispanic or Latino (of any race),"Black or African American, Non-Hispanic or Latino","American Indian and Alaska Native, Non-Hispanic or Latino","Asian, Non-Hispanic or Latino","Native Hawaiian and Other Pacific Islander, Non-Hispanic or Latino","Other, Non-Hispanic or Latino","Two or More Races, Non-Hispanic or Latino"
2016,500,230,24,202,0,1,0,0,43
2017,487,239,10,203,0,2,0,0,33
2018,463,240,13,161,0,1,0,0,48
2019,417,223,16,140,0,0,0,0,38
