﻿Fiscal Year,Total number of children,"White Alone, Non Hispanic or Latino",Hispanic or Latino (of any race),"Black or African American, Non-Hispanic or Latino","American Indian and Alaska Native, Non-Hispanic or Latino","Asian, Non-Hispanic or Latino","Native Hawaiian and Other Pacific Islander, Non-Hispanic or Latino","Other, Non-Hispanic or Latino","Two or More Races, Non-Hispanic or Latino"
2016,1295,1103,129,0,0,0,0,0,53
2017,1329,1137,129,18,0,0,0,1,44
2018,1324,1116,127,32,7,5,0,1,36
2019,1322,1116,119,30,6,9,0,1,41
,,,,,,,,,
