﻿Fiscal Year,Total number of children,"White Alone, Non Hispanic or Latino",Hispanic or Latino (of any race),"Black or African American, Non-Hispanic or Latino","American Indian and Alaska Native, Non-Hispanic or Latino","Asian, Non-Hispanic or Latino","Native Hawaiian and Other Pacific Islander, Non-Hispanic or Latino","Other, Non-Hispanic or Latino","Two or More Races, Non-Hispanic or Latino"
2016,1093,1059,8,0,0,8,0,0,16
2017,1057,1020,10,0,0,20,0,0,7
2018,1029,1007,13,0,0,0,0,0,9
2019,1054,1014,29,0,0,0,0,0,11
