Fiscal Year,Total number of children,"White Alone, Non Hispanic or Latino",Hispanic or Latino (of any race),"Black or African American, Non-Hispanic or Latino","American Indian and Alaska Native, Non-Hispanic or Latino","Asian, Non-Hispanic or Latino","Native Hawaiian and Other Pacific Islander, Non-Hispanic or Latino","Other, Non-Hispanic or Latino","Two or More Races, Non-Hispanic or Latino"
2015,11425,1969,7796,1160,48,244,0,0,0
2016,10951,1719,7637,1042,8,256,0,8,356
2017,10861,1895,7485,1044,5,192,19,10,211
2018,10843,1787,7415,1057,9,209,36,8,323
