0,1,2,3,4,5,6,7,8,9,10,11,12,13,14,15,16
Fiscal Year,Num of Sites (PFA),Proposed Capacity(PFA),Num of Sites (PFA-E),Proposed Capacity(PFA-E),Num of Sites (HS),Funded Enrollment (HS),Num of Sites (EHS),Funded Enrollment (EHS),Num of Sites (PI),Proposed Capacity(PI),Num of Sites (LCC),Total Licensed Capacity(LCC),Num of Sites (FCC),Total Licensed Capacity(FCC),Num of Sites (LexCC),Total Licensed Capacity(LexCC)
2016,7,948,8,370,2,278,1,48,5,248,27,2244,43,434,10,916
2017,4,940,9,400,2,233,1,48,6,358,28,2662,44,441,10,916
2018,4,940,12,512,2,233,4,128,5,411,28,2526,43,445,14,1040
2019,4,958,10,520,2,233,4,152,5,475,26,2263,32,339,10,896
