﻿Fiscal Year,Total number of children,"White Alone, Non Hispanic or Latino",Hispanic or Latino (of any race),"Black or African American, Non-Hispanic or Latino","American Indian and Alaska Native, Non-Hispanic or Latino","Asian, Non-Hispanic or Latino","Native Hawaiian and Other Pacific Islander, Non-Hispanic or Latino","Other, Non-Hispanic or Latino","Two or More Races, Non-Hispanic or Latino"
2016,4379,4196,46,10,0,8,0,0,106
2017,4330,4121,67,5,0,20,0,0,116
2018,4217,4102,32,6,0,0,0,0,77
2019,4243,4087,71,9,0,0,0,0,76
