0,1,2,3,4,5,6,7,8,9,10,11,12,13,14,15,16
Fiscal Year,Num of Sites (PFA),Proposed Capacity(PFA),Num of Sites (PFA-E),Proposed Capacity(PFA-E),Num of Sites (HS),Funded Enrollment (HS),Num of Sites (EHS),Funded Enrollment (EHS),Num of Sites (PI),Proposed Capacity    (PI),Num of Sites (LCC),Total Licensed Capacity(LCC),Num of Sites (FCC),Total Licensed Capacity(FCC),Num of Sites (LexCC),Total Licensed Capacity(LexCC)
2017,5,521,0,0,1,20,0,0,0,0,21,2684,58,580,8,470
2018,5,527,1,100,1,20,0,0,0,0,21,2666,53,541,7,302
2019,7,734,1,40,1,20,0,0,0,0,21,2592,44,442,7,324
2020,7,648,1,40,0,0,0,0,0,0,17,2364,39,396,3,590
