﻿Fiscal Year,Total number of children,"White Alone, Non Hispanic or Latino",Hispanic or Latino (of any race),"Black or African American, Non-Hispanic or Latino","American Indian and Alaska Native, Non-Hispanic or Latino","Asian, Non-Hispanic or Latino","Native Hawaiian and Other Pacific Islander, Non-Hispanic or Latino","Other, Non-Hispanic or Latino","Two or More Races, Non-Hispanic or Latino"
2016,9095,6166,1849,680,0,370,0,1,260
2017,9009,6024,1893,640,0,308,0,1,144
2018,8881,5850,1937,547,0,274,0,1,272
2019,8705,5705,1927,565,0,273,0,1,234
