﻿Fiscal Year,Total number of children,"White Alone, Non Hispanic or Latino",Hispanic or Latino (of any race),"Black or African American, Non-Hispanic or Latino","American Indian and Alaska Native, Non-Hispanic or Latino","Asian, Non-Hispanic or Latino","Native Hawaiian and Other Pacific Islander, Non-Hispanic or Latino","Other, Non-Hispanic or Latino","Two or More Races, Non-Hispanic or Latino"
2016,304,300,0,4,0,0,0,0,0
2017,294,288,0,6,0,0,0,0,0
2018,300,276,0,24,0,0,0,0,0
2019,289,246,0,38,0,0,0,0,5
