﻿Fiscal Year,Total number of children,"White Alone, Non Hispanic or Latino",Hispanic or Latino (of any race),"Black or African American, Non-Hispanic or Latino","American Indian and Alaska Native, Non-Hispanic or Latino","Asian, Non-Hispanic or Latino","Native Hawaiian and Other Pacific Islander, Non-Hispanic or Latino","Other, Non-Hispanic or Latino","Two or More Races, Non-Hispanic or Latino"
2016,11747,7859,474,2278,0,125,0,153,769
2017,11623,7793,484,2383,0,193,0,96,674
2018,11426,7623,479,2409,0,161,0,65,688
2019,11371,7618,474,2387,0,227,0,9,656
