﻿Fiscal Year,Total number of children,"White Alone, Non Hispanic or Latino",Hispanic or Latino (of any race),"Black or African American, Non-Hispanic or Latino","American Indian and Alaska Native, Non-Hispanic or Latino","Asian, Non-Hispanic or Latino","Native Hawaiian and Other Pacific Islander, Non-Hispanic or Latino","Other, Non-Hispanic or Latino","Two or More Races, Non-Hispanic or Latino"
2016,1829,1669,64,23,0,1,0,3,64
2017,1753,1637,58,31,0,2,0,0,25
2018,1723,1635,41,18,0,2,0,0,27
2019,1671,1612,38,0,0,0,0,0,21
