﻿Fiscal Year,Total number of children,"White Alone, Non Hispanic or Latino",Hispanic or Latino (of any race),"Black or African American, Non-Hispanic or Latino","American Indian and Alaska Native, Non-Hispanic or Latino","Asian, Non-Hispanic or Latino","Native Hawaiian and Other Pacific Islander, Non-Hispanic or Latino","Other, Non-Hispanic or Latino","Two or More Races, Non-Hispanic or Latino"
2016,3131,1897,1001,63,0,18,0,3,63
2017,3101,1898,1023,53,0,11,0,3,112
2018,3063,1865,1022,48,0,9,0,4,115
2019,3003,1795,1018,43,0,15,0,7,125
