﻿Fiscal Year,Total number of children,"White Alone, Non Hispanic or Latino",Hispanic or Latino (of any race),"Black or African American, Non-Hispanic or Latino","American Indian and Alaska Native, Non-Hispanic or Latino","Asian, Non-Hispanic or Latino","Native Hawaiian and Other Pacific Islander, Non-Hispanic or Latino","Other, Non-Hispanic or Latino","Two or More Races, Non-Hispanic or Latino"
2016,35409,14914,15917,2422,28,1080,0,74,1159
2017,35019,14686,15552,2503,24,1139,19,72,1025
2018,34624,14542,15322,2380,23,1024,36,67,1231
2019,34310,14568,15208,2200,23,950,38,91,1232
