﻿Fiscal Year,Total number of children,"White Alone, Non Hispanic or Latino",Hispanic or Latino (of any race),"Black or African American, Non-Hispanic or Latino","American Indian and Alaska Native, Non-Hispanic or Latino","Asian, Non-Hispanic or Latino","Native Hawaiian and Other Pacific Islander, Non-Hispanic or Latino","Other, Non-Hispanic or Latino","Two or More Races, Non-Hispanic or Latino"
2016,2733,2166,469,4,0,23,0,0,63
2017,2790,2177,467,0,0,18,0,2,126
2018,2799,2197,470,0,0,20,0,2,109
2019,2735,2146,459,5,0,0,0,3,122
