﻿Fiscal Year,Total number of children,"White Alone, Non Hispanic or Latino",Hispanic or Latino (of any race),"Black or African American, Non-Hispanic or Latino","American Indian and Alaska Native, Non-Hispanic or Latino","Asian, Non-Hispanic or Latino","Native Hawaiian and Other Pacific Islander, Non-Hispanic or Latino","Other, Non-Hispanic or Latino","Two or More Races, Non-Hispanic or Latino"
2016,801,684,9,51,0,0,0,2,48
2017,741,665,8,42,0,0,0,0,27
2018,762,651,7,66,0,0,0,0,38
2019,789,639,26,61,0,0,0,0,63
