﻿Fiscal Year,Total number of children,"White Alone, Non Hispanic or Latino",Hispanic or Latino (of any race),"Black or African American, Non-Hispanic or Latino","American Indian and Alaska Native, Non-Hispanic or Latino","Asian, Non-Hispanic or Latino","Native Hawaiian and Other Pacific Islander, Non-Hispanic or Latino","Other, Non-Hispanic or Latino","Two or More Races, Non-Hispanic or Latino"
2016,11201,10342,346,110,6,72,21,2,311
2017,11162,10235,328,91,0,108,0,3,397
2018,11068,9993,317,152,0,94,0,5,506
2019,10902,9877,301,118,0,73,0,3,530
