0,1,2,3,4,5,6,7,8,9,10,11,12,13,14,15,16
Fiscal Year,Num of Sites (PFA),Proposed Capacity(PFA),Num of Sites (PFA-E),Proposed Capacity(PFA-E),Num of Sites (HS),Funded Enrollment (HS),Num of Sites (EHS),Funded Enrollment (EHS),Num of Sites (PI),Proposed Capacity    (PI),Num of Sites (LCC),Total Licensed Capacity(LCC),Num of Sites (FCC),Total Licensed Capacity(FCC),Num of Sites (LexCC),Total Licensed Capacity(LexCC)
2017,11,695,0,0,8,382,1,8,6,158,32,2476,72,660,8,368
2018,12,700,1,20,9,382,1,8,8,226,33,2642,69,624,11,591
2019,12,832,1,20,8,285,1,8,4,155,30,2552,62,551,6,161
2020,12,822,1,20,8,274,1,8,2,90,26,2183,46,385,4,137
