﻿Fiscal Year,Total number of children,"White Alone, Non Hispanic or Latino",Hispanic or Latino (of any race),"Black or African American, Non-Hispanic or Latino","American Indian and Alaska Native, Non-Hispanic or Latino","Asian, Non-Hispanic or Latino","Native Hawaiian and Other Pacific Islander, Non-Hispanic or Latino","Other, Non-Hispanic or Latino","Two or More Races, Non-Hispanic or Latino"
2016,3232,2681,399,46,0,0,0,3,109
2017,3159,2625,391,33,0,0,0,4,106
2018,3143,2588,400,41,0,0,0,10,105
2019,3176,2583,425,48,0,0,0,9,111
