﻿Fiscal Year,Total number of children,"White Alone, Non Hispanic or Latino",Hispanic or Latino (of any race),"Black or African American, Non-Hispanic or Latino","American Indian and Alaska Native, Non-Hispanic or Latino","Asian, Non-Hispanic or Latino","Native Hawaiian and Other Pacific Islander, Non-Hispanic or Latino","Other, Non-Hispanic or Latino","Two or More Races, Non-Hispanic or Latino"
2016,7680,6561,305,319,12,43,0,0,436
2017,7665,6634,253,361,22,32,0,0,362
2018,7638,6631,280,344,13,12,0,2,356
2019,7710,6639,339,307,11,17,0,1,396
