﻿Fiscal Year,Total number of children,"White Alone, Non Hispanic or Latino",Hispanic or Latino (of any race),"Black or African American, Non-Hispanic or Latino","American Indian and Alaska Native, Non-Hispanic or Latino","Asian, Non-Hispanic or Latino","Native Hawaiian and Other Pacific Islander, Non-Hispanic or Latino","Other, Non-Hispanic or Latino","Two or More Races, Non-Hispanic or Latino"
2016,1240,1149,78,0,0,0,0,0,11
2017,1178,1130,48,0,0,0,0,0,0
2018,1176,1151,25,0,0,0,0,0,0
2019,1185,1157,28,0,0,0,0,0,0
