0,1,2,3,4,5,6,7,8,9,10,11,12,13,14,15,16
Fiscal Year,Num of Sites (PFA),Proposed Capacity(PFA),Num of Sites (PFA-E),Proposed Capacity(PFA-E),Num of Sites (HS),Funded Enrollment (HS),Num of Sites (EHS),Funded Enrollment (EHS),Num of Sites (PI),Proposed Capacity    (PI),Num of Sites (LCC),Total Licensed Capacity(LCC),Num of Sites (FCC),Total Licensed Capacity(FCC),Num of Sites (LexCC),Total Licensed Capacity(LexCC)
2017,3,220,0,0,3,108,0,0,0,0,10,805,31,325,4,168
2018,3,194,2,40,3,108,0,0,1,45,9,755,27,260,2,142
2019,4,283,1,40,2,109,0,0,1,60,10,838,28,275,3,130
2020,3,276,1,40,3,125,0,0,1,69,10,815,24,216,3,197
