0,1,2,3,4,5,6,7,8,9,10,11,12,13,14,15,16
Fiscal Year,Num of Sites (PFA),Proposed Capacity(PFA),Num of Sites (PFA-E),Proposed Capacity(PFA-E),Num of Sites (HS),Funded Enrollment (HS),Num of Sites (EHS),Funded Enrollment (EHS),Num of Sites (PI),Proposed Capacity    (PI),Num of Sites (LCC),Total Licensed Capacity(LCC),Num of Sites (FCC),Total Licensed Capacity(FCC),Num of Sites (LexCC),Total Licensed Capacity(LexCC)
2017,9,976,0,0,5,437,6,103,3,190,36,3470,228,2166,15,834
2018,9,976,4,348,5,431,5,95,4,310,37,3680,197,1925,18,1814
2019,15,1270,3,157,7,412,6,108,4,350,37,3737,197,1902,15,946
2020,12,1266,3,141,6,414,5,205,4,365,*,*,*,*,*,*