﻿Fiscal Year,Total number of children,"White Alone, Non Hispanic or Latino",Hispanic or Latino (of any race),"Black or African American, Non-Hispanic or Latino","American Indian and Alaska Native, Non-Hispanic or Latino","Asian, Non-Hispanic or Latino","Native Hawaiian and Other Pacific Islander, Non-Hispanic or Latino","Other, Non-Hispanic or Latino","Two or More Races, Non-Hispanic or Latino"
2016,1378,1200,11,85,0,45,0,0,33
2017,1308,1176,16,25,0,13,0,0,78
2018,1338,1144,18,68,0,7,0,0,101
2019,1349,1144,17,56,0,0,0,0,132
