﻿Fiscal Year,Total number of children,"White Alone, Non Hispanic or Latino",Hispanic or Latino (of any race),"Black or African American, Non-Hispanic or Latino","American Indian and Alaska Native, Non-Hispanic or Latino","Asian, Non-Hispanic or Latino","Native Hawaiian and Other Pacific Islander, Non-Hispanic or Latino","Other, Non-Hispanic or Latino","Two or More Races, Non-Hispanic or Latino"
2016,1605,1466,6,101,0,1,0,0,21
2017,1602,1486,9,75,0,0,0,0,31
2018,1626,1480,13,86,0,0,0,0,47
2019,1575,1454,13,29,0,0,3,0,76
