﻿Fiscal Year,Total number of children,"White Alone, Non Hispanic or Latino",Hispanic or Latino (of any race),"Black or African American, Non-Hispanic or Latino","American Indian and Alaska Native, Non-Hispanic or Latino","Asian, Non-Hispanic or Latino","Native Hawaiian and Other Pacific Islander, Non-Hispanic or Latino","Other, Non-Hispanic or Latino","Two or More Races, Non-Hispanic or Latino"
2016,1826,1496,184,94,0,14,0,2,41
2017,1776,1456,170,76,0,6,0,3,65
2018,1743,1453,156,57,2,0,0,1,74
2019,1754,1470,160,55,2,0,0,2,65
