﻿Fiscal Year,Total number of children,"White Alone, Non Hispanic or Latino",Hispanic or Latino (of any race),"Black or African American, Non-Hispanic or Latino","American Indian and Alaska Native, Non-Hispanic or Latino","Asian, Non-Hispanic or Latino","Native Hawaiian and Other Pacific Islander, Non-Hispanic or Latino","Other, Non-Hispanic or Latino","Two or More Races, Non-Hispanic or Latino"
2016,813,757,22,0,0,5,0,0,26
2017,784,736,14,0,0,4,0,0,30
2018,785,734,4,0,0,8,0,0,38
2019,799,718,20,0,0,14,0,0,47
