﻿Fiscal Year,Total number of children,"White Alone, Non Hispanic or Latino",Hispanic or Latino (of any race),"Black or African American, Non-Hispanic or Latino","American Indian and Alaska Native, Non-Hispanic or Latino","Asian, Non-Hispanic or Latino","Native Hawaiian and Other Pacific Islander, Non-Hispanic or Latino","Other, Non-Hispanic or Latino","Two or More Races, Non-Hispanic or Latino"
2016,2460,2164,45,66,13,25,0,0,120
2017,2417,2156,33,80,0,29,0,0,118
2018,2430,2127,46,90,0,25,0,0,142
2019,2377,2095,67,98,0,27,0,0,90
