0,1,2,3,4,5,6,7,8,9,10,11,12,13,14,15,16
Fiscal Year,Num of Sites (PFA),Proposed Capacity(PFA),Num of Sites (PFA-E),Proposed Capacity(PFA-E),Num of Sites (HS),Funded Enrollment (HS),Num of Sites (EHS),Funded Enrollment (EHS),Num of Sites (PI),Proposed Capacity    (PI),Num of Sites (LCC),Total Licensed Capacity(LCC),Num of Sites (FCC),Total Licensed Capacity(FCC),Num of Sites (LexCC),Total Licensed Capacity(LexCC)
2020,22,1205,11,820,10,536,9,329,3,395,46,4465,155,1497,12,850
2019,20,1210,10,760,13,1157,7,208,6,440,48,4364,181,1684,19,1541
2018,25,1446,9,410,13,1157,6,208,8,396,49,4662,177,1610,21,814
2017,26,1673,6,140,14,1181,7,208,6,374,52,4805,190,1746,14,1295
