﻿FY,pop,pop,pop,pop,pop,pop,pop,pop,pop,0.5,0.5,0.5,0.5,0.5,0.5,0.5,1,1,1,1,1,1,1,1.3,1.3,1.3,1.3,1.3,1.3,1.3,1.85,1.85,1.85,1.85,1.85,1.85,1.85,2,2,2,2,2,2,2,4,4,4,4,4,4,4,lang,lang,lang,Working,Working,Working,Working,Working,Working
Fiscal Year,Total Number of Persons,0,1,2,3,4,5,0 - 5,6 - 12,0,1,2,3,4,5,0 - 5,0,1,2,3,4,5,0 - 5,0,1,2,3,4,5,0 - 5,0,1,2,3,4,5,0 - 5,0,1,2,3,4,5,0 - 5,0,1,2,3,4,5,0 - 5,Number of Households,Number of limited English-speaking households (Spanish),Number of limited English-speaking households (other languages),Children 5 and under living in families,Children 5 and under living with two parents,Children 5 and under living with two working parents,Children 5 and under living with one parent,Children 5 and under living with one working parent,Children 5 and under living with one non-working parent
2016,4255,34,43,50,44,29,22,222,314,5,7,8,7,5,3,35,7,9,10,9,6,4,44,7,9,11,9,6,5,47,12,16,18,16,11,8,82,12,16,18,16,11,8,82,31,39,46,40,26,20,202,1589,0,0,215,167,48,48,15,33
2017,4360,14,33,62,56,20,7,192,268,2,4,7,6,2,1,22,3,7,13,12,4,2,41,3,8,15,13,5,2,46,5,13,24,22,8,3,75,5,13,24,22,8,3,75,12,29,54,48,17,6,166,1639,0,0,186,155,35,31,21,10
2018,4249,19,34,51,46,22,9,181,242,3,5,7,6,3,1,25,5,9,13,12,6,2,47,6,10,15,13,6,3,53,8,15,23,20,10,4,80,8,15,23,20,10,4,80,17,30,46,41,20,8,162,1644,0,0,178,141,28,37,29,8
2019,4203,17,32,48,40,17,7,161,299,3,6,9,7,3,1,29,5,9,14,12,5,2,47,6,11,16,13,6,2,54,8,15,22,19,8,3,75,8,15,22,19,8,3,75,15,28,43,36,15,6,143,1694,0,0,162,120,30,42,30,12
