﻿Fiscal Year,Total number of children,"White Alone, Non Hispanic or Latino",Hispanic or Latino (of any race),"Black or African American, Non-Hispanic or Latino","American Indian and Alaska Native, Non-Hispanic or Latino","Asian, Non-Hispanic or Latino","Native Hawaiian and Other Pacific Islander, Non-Hispanic or Latino","Other, Non-Hispanic or Latino","Two or More Races, Non-Hispanic or Latino"
2016,1049,913,66,16,9,0,0,0,51
2017,1055,923,62,0,5,0,0,0,65
2018,1057,946,67,0,3,0,0,0,41
2019,1049,921,70,0,0,0,0,0,58
