﻿Fiscal Year,Total number of children,"White Alone, Non Hispanic or Latino",Hispanic or Latino (of any race),"Black or African American, Non-Hispanic or Latino","American Indian and Alaska Native, Non-Hispanic or Latino","Asian, Non-Hispanic or Latino","Native Hawaiian and Other Pacific Islander, Non-Hispanic or Latino","Other, Non-Hispanic or Latino","Two or More Races, Non-Hispanic or Latino"
2016,1022,963,0,36,0,0,0,0,23
2017,1061,972,33,26,9,0,0,0,22
2018,1033,973,13,28,4,0,0,0,15
2019,1029,969,14,25,3,0,0,0,18
