﻿Fiscal Year,Total number of children,"White Alone, Non Hispanic or Latino",Hispanic or Latino (of any race),"Black or African American, Non-Hispanic or Latino","American Indian and Alaska Native, Non-Hispanic or Latino","Asian, Non-Hispanic or Latino","Native Hawaiian and Other Pacific Islander, Non-Hispanic or Latino","Other, Non-Hispanic or Latino","Two or More Races, Non-Hispanic or Latino"
2016,3281,2488,600,81,0,0,0,4,104
2017,3279,2512,570,74,0,0,0,4,118
2018,3216,2470,544,70,0,0,0,4,128
2019,3183,2467,540,42,0,0,0,0,134
