0,1,2,3,4,5,6,7,8,9,10,11,12,13,14,15,16
Fiscal Year,Num of Sites (PFA),Proposed Capacity(PFA),Num of Sites (PFA-E),Proposed Capacity(PFA-E),Num of Sites (HS),Funded Enrollment (HS),Num of Sites (EHS),Funded Enrollment (EHS),Num of Sites (PI),Proposed Capacity    (PI),Num of Sites (LCC),Total Licensed Capacity(LCC),Num of Sites (FCC),Total Licensed Capacity(FCC),Num of Sites (LexCC),Total Licensed Capacity(LexCC)
2017,8,490,0,0,2,153,1,35,2,104,10,457,48,450,4,198
2018,7,490,0,0,2,136,1,35,2,194,10,508,47,437,4,106
2019,4,400,0,0,2,136,1,35,1,55,9,482,44,395,3,260
2020,4,390,0,0,2,136,1,35,1,55,9,494,38,347,4,246
