﻿Fiscal Year,Total number of children,"White Alone, Non Hispanic or Latino",Hispanic or Latino (of any race),"Black or African American, Non-Hispanic or Latino","American Indian and Alaska Native, Non-Hispanic or Latino","Asian, Non-Hispanic or Latino","Native Hawaiian and Other Pacific Islander, Non-Hispanic or Latino","Other, Non-Hispanic or Latino","Two or More Races, Non-Hispanic or Latino"
2016,55313,30983,12350,2695,29,6646,13,71,2683
2017,55290,31156,12025,2686,40,6617,8,78,2681
2018,55318,31221,11815,2650,37,6666,29,93,2808
2019,54910,31307,11440,2519,50,6547,27,110,2910
