﻿Fiscal Year,Total number of children,"White Alone, Non Hispanic or Latino",Hispanic or Latino (of any race),"Black or African American, Non-Hispanic or Latino","American Indian and Alaska Native, Non-Hispanic or Latino","Asian, Non-Hispanic or Latino","Native Hawaiian and Other Pacific Islander, Non-Hispanic or Latino","Other, Non-Hispanic or Latino","Two or More Races, Non-Hispanic or Latino"
2016,8494,7715,269,96,18,35,3,0,315
2017,8388,7725,212,138,0,35,3,1,273
2018,8424,7694,223,147,7,38,3,1,312
2019,8309,7643,220,141,6,45,0,1,253
