﻿Fiscal Year,Total number of children,"White Alone, Non Hispanic or Latino",Hispanic or Latino (of any race),"Black or African American, Non-Hispanic or Latino","American Indian and Alaska Native, Non-Hispanic or Latino","Asian, Non-Hispanic or Latino","Native Hawaiian and Other Pacific Islander, Non-Hispanic or Latino","Other, Non-Hispanic or Latino","Two or More Races, Non-Hispanic or Latino"
2016,4777,3986,573,80,0,14,0,5,101
2017,4846,4024,569,102,0,28,0,6,117
2018,4792,3976,550,109,0,40,0,9,109
2019,4709,3937,540,83,0,13,0,10,126
