﻿Fiscal Year,Total number of children,"White Alone, Non Hispanic or Latino",Hispanic or Latino (of any race),"Black or African American, Non-Hispanic or Latino","American Indian and Alaska Native, Non-Hispanic or Latino","Asian, Non-Hispanic or Latino","Native Hawaiian and Other Pacific Islander, Non-Hispanic or Latino","Other, Non-Hispanic or Latino","Two or More Races, Non-Hispanic or Latino"
2016,575,531,31,10,0,3,0,3,0
2017,590,534,42,0,0,3,0,2,9
2018,604,543,47,0,0,4,0,2,8
2019,564,535,14,0,0,1,0,2,12
