0,1,2,3,4,5,6,7,8,9,10,11,12,13,14,15,16
Fiscal Year,Num of Sites (PFA),Proposed Capacity(PFA),Num of Sites (PFA-E),Proposed Capacity(PFA-E),Num of Sites (HS),Funded Enrollment (HS),Num of Sites (EHS),Funded Enrollment (EHS),Num of Sites (PI),Proposed Capacity    (PI),Num of Sites (LCC),Total Licensed Capacity(LCC),Num of Sites (FCC),Total Licensed Capacity(FCC),Num of Sites (LexCC),Total Licensed Capacity(LexCC)
2020,23,1224,5,100,15,508,0,0,5,92,29,2230,119,1076,5,238
2019,18,1193,5,100,15,511,0,0,5,95,28,2307,139,1268,5,382
2018,20,1211,2,40,15,511,0,0,5,69,29,2355,144,1337,5,292
2017,22,1271,1,40,14,492,0,0,5,71,32,2478,144,1337,5,384
