﻿Fiscal Year,Total number of children,"White Alone, Non Hispanic or Latino",Hispanic or Latino (of any race),"Black or African American, Non-Hispanic or Latino","American Indian and Alaska Native, Non-Hispanic or Latino","Asian, Non-Hispanic or Latino","Native Hawaiian and Other Pacific Islander, Non-Hispanic or Latino","Other, Non-Hispanic or Latino","Two or More Races, Non-Hispanic or Latino"
2016,9305,5143,1851,1167,22,341,0,12,691
2017,9372,5130,1840,1310,19,372,2,18,681
2018,9177,4976,1809,1282,0,388,1,24,698
2019,8976,4916,1741,1291,18,355,1,17,637
