﻿Fiscal Year,Total number of children,"White Alone, Non Hispanic or Latino",Hispanic or Latino (of any race),"Black or African American, Non-Hispanic or Latino","American Indian and Alaska Native, Non-Hispanic or Latino","Asian, Non-Hispanic or Latino","Native Hawaiian and Other Pacific Islander, Non-Hispanic or Latino","Other, Non-Hispanic or Latino","Two or More Races, Non-Hispanic or Latino"
2016,42164,23490,10214,4457,22,1770,3,63,2171
2017,41546,22948,10140,4465,18,1859,2,61,2053
2018,41131,22482,10109,4326,18,1776,3,53,2365
2019,40753,22165,10132,4316,14,1719,0,60,2347
