﻿Fiscal Year,Total number of children,"White Alone, Non Hispanic or Latino",Hispanic or Latino (of any race),"Black or African American, Non-Hispanic or Latino","American Indian and Alaska Native, Non-Hispanic or Latino","Asian, Non-Hispanic or Latino","Native Hawaiian and Other Pacific Islander, Non-Hispanic or Latino","Other, Non-Hispanic or Latino","Two or More Races, Non-Hispanic or Latino"
2016,966,899,13,0,0,0,0,0,53
2017,960,900,14,7,0,0,0,0,39
2018,993,927,16,7,0,0,0,0,43
2019,956,913,15,5,0,0,0,0,23
