﻿Fiscal Year,Total number of children,"White Alone, Non Hispanic or Latino",Hispanic or Latino (of any race),"Black or African American, Non-Hispanic or Latino","American Indian and Alaska Native, Non-Hispanic or Latino","Asian, Non-Hispanic or Latino","Native Hawaiian and Other Pacific Islander, Non-Hispanic or Latino","Other, Non-Hispanic or Latino","Two or More Races, Non-Hispanic or Latino"
2016,2299,2139,75,22,0,0,0,0,53
2017,2282,2154,62,32,0,0,0,0,34
2018,2274,2155,49,37,0,0,0,3,30
2019,2269,2158,45,36,0,0,0,3,27
