0,1,2,3,4,5,6,7,8,9,10,11,12,13,14,15,16
Fiscal Year,Num of Sites (PFA),Proposed Capacity(PFA),Num of Sites (PFA-E),Proposed Capacity(PFA-E),Num of Sites (HS),Funded Enrollment (HS),Num of Sites (EHS),Funded Enrollment (EHS),Num of Sites (PI),Proposed Capacity    (PI),Num of Sites (LCC),Total Licensed Capacity(LCC),Num of Sites (FCC),Total Licensed Capacity(FCC),Num of Sites (LexCC),Total Licensed Capacity(LexCC)
2017,6,190,0,0,2,54,1,11,0,0,2,55,21,191,2,114
2018,6,190,0,0,2,40,1,11,0,0,2,55,18,167,2,100
2019,1,60,0,0,2,40,1,11,0,0,1,35,19,179,2,100
2020,1,60,0,0,2,40,1,11,0,0,1,35,18,167,2,105
