﻿Fiscal Year,Total number of children,"White Alone, Non Hispanic or Latino",Hispanic or Latino (of any race),"Black or African American, Non-Hispanic or Latino","American Indian and Alaska Native, Non-Hispanic or Latino","Asian, Non-Hispanic or Latino","Native Hawaiian and Other Pacific Islander, Non-Hispanic or Latino","Other, Non-Hispanic or Latino","Two or More Races, Non-Hispanic or Latino"
2016,7055,5402,1101,109,46,26,0,0,308
2017,7015,5453,1068,98,40,64,0,0,292
2018,7020,5385,1100,116,50,41,0,1,326
2019,6988,5334,1107,161,0,66,0,2,318
