﻿Fiscal Year,Total number of children,"White Alone, Non Hispanic or Latino",Hispanic or Latino (of any race),"Black or African American, Non-Hispanic or Latino","American Indian and Alaska Native, Non-Hispanic or Latino","Asian, Non-Hispanic or Latino","Native Hawaiian and Other Pacific Islander, Non-Hispanic or Latino","Other, Non-Hispanic or Latino","Two or More Races, Non-Hispanic or Latino"
2016,683,671,0,0,0,0,0,0,12
2017,707,665,6,0,0,0,0,0,36
2018,663,656,6,0,0,0,0,0,1
2019,666,650,14,1,0,0,0,0,1
