﻿Fiscal Year,Total number of children,"White Alone, Non Hispanic or Latino",Hispanic or Latino (of any race),"Black or African American, Non-Hispanic or Latino","American Indian and Alaska Native, Non-Hispanic or Latino","Asian, Non-Hispanic or Latino","Native Hawaiian and Other Pacific Islander, Non-Hispanic or Latino","Other, Non-Hispanic or Latino","Two or More Races, Non-Hispanic or Latino"
2016,15778,12140,848,1846,33,129,0,5,762
2017,15669,11948,834,1968,39,141,0,13,727
2018,15524,11792,849,1952,0,122,0,12,798
2019,15421,11689,866,1854,0,140,0,10,862
