﻿Fiscal Year,Total number of children,"White Alone, Non Hispanic or Latino",Hispanic or Latino (of any race),"Black or African American, Non-Hispanic or Latino","American Indian and Alaska Native, Non-Hispanic or Latino","Asian, Non-Hispanic or Latino","Native Hawaiian and Other Pacific Islander, Non-Hispanic or Latino","Other, Non-Hispanic or Latino","Two or More Races, Non-Hispanic or Latino"
2016,1549,1279,197,26,0,24,0,4,30
2017,1516,1237,194,26,0,3,0,7,49
2018,1487,1244,187,3,0,1,0,7,45
2019,1502,1254,177,5,0,0,0,5,61
