﻿Fiscal Year,Total number of children,"White Alone, Non Hispanic or Latino",Hispanic or Latino (of any race),"Black or African American, Non-Hispanic or Latino","American Indian and Alaska Native, Non-Hispanic or Latino","Asian, Non-Hispanic or Latino","Native Hawaiian and Other Pacific Islander, Non-Hispanic or Latino","Other, Non-Hispanic or Latino","Two or More Races, Non-Hispanic or Latino"
2016,2366,2209,76,13,0,28,0,0,47
2017,2343,2178,63,7,0,33,0,0,62
2018,2383,2132,64,8,0,2,0,0,177
2019,2338,2118,57,0,0,6,0,0,157
