Fiscal Year,Total number of children,"White Alone, Non Hispanic or Latino",Hispanic or Latino (of any race),"Black or African American, Non-Hispanic or Latino","American Indian and Alaska Native, Non-Hispanic or Latino","Asian, Non-Hispanic or Latino","Native Hawaiian and Other Pacific Islander, Non-Hispanic or Latino","Other, Non-Hispanic or Latino","Two or More Races, Non-Hispanic or Latino"
2015,17421,6205,8538,907,74,1202,0,0,0
2016,17125,5846,8396,941,16,1194,0,94,682
2017,16162,5303,8023,936,21,1142,0,80,659
2018,15848,4973,8194,864,10,1051,0,63,693
