0,1,2,3,4,5,6,7,8,9,10,11,12,13,14,15,16
Fiscal Year,Num of Sites (PFA),Proposed Capacity(PFA),Num of Sites (PFA-E),Proposed Capacity(PFA-E),Num of Sites (HS),Funded Enrollment (HS),Num of Sites (EHS),Funded Enrollment (EHS),Num of Sites (PI),Proposed Capacity(PI),Num of Sites (LCC),Total Licensed Capacity(LCC),Num of Sites (FCC),Total Licensed Capacity(FCC),Num of Sites (LexCC),Total Licensed Capacity(LexCC)
2016,14,1140,2,200,2,233,0,0,6,156,32,3552,38,365,4,595
2017,11,1140,2,200,2,205,0,0,4,216,32,3620,39,384,4,595
2018,7,1206,2,200,2,205,0,0,4,300,33,3622,35,339,9,532
2019,9,1279,2,200,2,205,0,0,4,300,27,3081,34,341,5,721
