﻿Fiscal Year,Total number of children,"White Alone, Non Hispanic or Latino",Hispanic or Latino (of any race),"Black or African American, Non-Hispanic or Latino","American Indian and Alaska Native, Non-Hispanic or Latino","Asian, Non-Hispanic or Latino","Native Hawaiian and Other Pacific Islander, Non-Hispanic or Latino","Other, Non-Hispanic or Latino","Two or More Races, Non-Hispanic or Latino"
2016,5962,4267,335,643,1,28,0,26,656
2017,6083,4312,380,711,1,34,0,39,606
2018,5818,4264,328,763,0,8,0,23,432
2019,5850,4268,400,707,13,8,0,21,433
