﻿Fiscal Year,Total number of children,"White Alone, Non Hispanic or Latino",Hispanic or Latino (of any race),"Black or African American, Non-Hispanic or Latino","American Indian and Alaska Native, Non-Hispanic or Latino","Asian, Non-Hispanic or Latino","Native Hawaiian and Other Pacific Islander, Non-Hispanic or Latino","Other, Non-Hispanic or Latino","Two or More Races, Non-Hispanic or Latino"
2016,659,651,8,0,0,0,0,0,0
2017,670,659,11,0,0,0,0,0,0
2018,679,654,5,20,0,0,0,0,0
2019,698,651,7,20,0,0,0,0,20
