﻿Fiscal Year,Total number of children,"White Alone, Non Hispanic or Latino",Hispanic or Latino (of any race),"Black or African American, Non-Hispanic or Latino","American Indian and Alaska Native, Non-Hispanic or Latino","Asian, Non-Hispanic or Latino","Native Hawaiian and Other Pacific Islander, Non-Hispanic or Latino","Other, Non-Hispanic or Latino","Two or More Races, Non-Hispanic or Latino"
2016,2387,1897,84,221,0,26,0,0,167
2017,2428,1895,91,260,0,29,0,0,153
2018,2393,1889,89,240,0,9,0,2,164
2019,2426,1888,108,220,0,14,0,1,195
