﻿Fiscal Year,Total number of children,"White Alone, Non Hispanic or Latino",Hispanic or Latino (of any race),"Black or African American, Non-Hispanic or Latino","American Indian and Alaska Native, Non-Hispanic or Latino","Asian, Non-Hispanic or Latino","Native Hawaiian and Other Pacific Islander, Non-Hispanic or Latino","Other, Non-Hispanic or Latino","Two or More Races, Non-Hispanic or Latino"
2016,1461,1447,0,6,0,0,0,0,6
2017,1476,1457,0,6,0,0,0,0,13
2018,1439,1406,0,6,0,0,0,0,27
2019,1499,1403,58,3,0,0,0,0,35
