﻿Fiscal Year,Total number of children,"White Alone, Non Hispanic or Latino",Hispanic or Latino (of any race),"Black or African American, Non-Hispanic or Latino","American Indian and Alaska Native, Non-Hispanic or Latino","Asian, Non-Hispanic or Latino","Native Hawaiian and Other Pacific Islander, Non-Hispanic or Latino","Other, Non-Hispanic or Latino","Two or More Races, Non-Hispanic or Latino"
2016,4275,3259,323,372,0,45,0,5,268
2017,4220,3266,255,437,4,52,0,4,203
2018,4206,3144,311,458,5,58,0,3,226
2019,4240,3137,344,428,13,60,0,2,256
