﻿Fiscal Year,Total number of children,"White Alone, Non Hispanic or Latino",Hispanic or Latino (of any race),"Black or African American, Non-Hispanic or Latino","American Indian and Alaska Native, Non-Hispanic or Latino","Asian, Non-Hispanic or Latino","Native Hawaiian and Other Pacific Islander, Non-Hispanic or Latino","Other, Non-Hispanic or Latino","Two or More Races, Non-Hispanic or Latino"
2016,1452,1215,31,21,9,18,1,0,157
2017,1492,1309,67,7,2,33,1,0,73
2018,1565,1306,99,10,4,23,1,0,122
2019,1552,1325,57,9,1,25,0,0,135
