﻿Fiscal Year,Total number of children,"White Alone, Non Hispanic or Latino",Hispanic or Latino (of any race),"Black or African American, Non-Hispanic or Latino","American Indian and Alaska Native, Non-Hispanic or Latino","Asian, Non-Hispanic or Latino","Native Hawaiian and Other Pacific Islander, Non-Hispanic or Latino","Other, Non-Hispanic or Latino","Two or More Races, Non-Hispanic or Latino"
2016,7621,6737,256,253,1,60,0,6,287
2017,7606,6776,255,192,2,80,0,4,298
2018,7626,6754,258,207,2,80,0,6,319
2019,7533,6688,230,233,4,69,0,7,302
