﻿Fiscal Year,Total number of children,"White Alone, Non Hispanic or Latino",Hispanic or Latino (of any race),"Black or African American, Non-Hispanic or Latino","American Indian and Alaska Native, Non-Hispanic or Latino","Asian, Non-Hispanic or Latino","Native Hawaiian and Other Pacific Islander, Non-Hispanic or Latino","Other, Non-Hispanic or Latino","Two or More Races, Non-Hispanic or Latino"
2016,741,686,41,14,0,0,0,0,0
2017,728,673,44,11,0,0,0,0,0
2018,736,689,32,15,0,0,0,0,0
2019,720,685,21,14,0,0,0,0,0
