﻿Fiscal Year,Total number of children,"White Alone, Non Hispanic or Latino",Hispanic or Latino (of any race),"Black or African American, Non-Hispanic or Latino","American Indian and Alaska Native, Non-Hispanic or Latino","Asian, Non-Hispanic or Latino","Native Hawaiian and Other Pacific Islander, Non-Hispanic or Latino","Other, Non-Hispanic or Latino","Two or More Races, Non-Hispanic or Latino"
2016,12433,8470,501,2278,0,145,0,153,797
2017,12286,8386,505,2383,0,193,0,96,723
2018,12096,8224,504,2409,0,161,0,65,732
2019,12047,8221,513,2387,0,227,0,9,690
