﻿Fiscal Year,Total number of children,"White Alone, Non Hispanic or Latino",Hispanic or Latino (of any race),"Black or African American, Non-Hispanic or Latino","American Indian and Alaska Native, Non-Hispanic or Latino","Asian, Non-Hispanic or Latino","Native Hawaiian and Other Pacific Islander, Non-Hispanic or Latino","Other, Non-Hispanic or Latino","Two or More Races, Non-Hispanic or Latino"
2016,832,476,272,36,0,0,0,1,39
2017,825,482,255,50,0,0,0,0,37
2018,821,477,248,57,0,0,0,1,38
2019,799,470,238,68,0,0,0,0,23
