0,1,2,3,4,5,6,7,8,9,10,11,12,13,14,15,16
Fiscal Year,Num of Sites (PFA),Proposed Capacity(PFA),Num of Sites (PFA-E),Proposed Capacity(PFA-E),Num of Sites (HS),Funded Enrollment (HS),Num of Sites (EHS),Funded Enrollment (EHS),Num of Sites (PI),Proposed Capacity    (PI),Num of Sites (LCC),Total Licensed Capacity(LCC),Num of Sites (FCC),Total Licensed Capacity(FCC),Num of Sites (LexCC),Total Licensed Capacity(LexCC)
2017,6,260,0,0,6,190,0,0,1,12,18,1527,14,140,2,107
2018,4,138,0,0,6,190,0,0,1,17,18,1527,12,127,3,146
2019,3,158,0,0,6,193,0,0,1,45,19,1629,7,78,4,158
2020,3,158,0,0,6,193,0,0,1,60,19,1722,6,72,1,54
