﻿Fiscal Year,Total number of children,"White Alone, Non Hispanic or Latino",Hispanic or Latino (of any race),"Black or African American, Non-Hispanic or Latino","American Indian and Alaska Native, Non-Hispanic or Latino","Asian, Non-Hispanic or Latino","Native Hawaiian and Other Pacific Islander, Non-Hispanic or Latino","Other, Non-Hispanic or Latino","Two or More Races, Non-Hispanic or Latino"
2016,4844,3692,443,429,0,205,0,17,103
2017,4883,3682,445,409,0,167,0,10,171
2018,4947,3707,444,390,0,198,0,22,186
2019,4966,3718,499,426,0,95,0,25,203
