﻿Fiscal Year,Total number of children,"White Alone, Non Hispanic or Latino",Hispanic or Latino (of any race),"Black or African American, Non-Hispanic or Latino","American Indian and Alaska Native, Non-Hispanic or Latino","Asian, Non-Hispanic or Latino","Native Hawaiian and Other Pacific Islander, Non-Hispanic or Latino","Other, Non-Hispanic or Latino","Two or More Races, Non-Hispanic or Latino"
2016,17314,12378,3729,330,1,293,0,26,810
2017,17177,12112,3604,371,0,299,0,30,761
2018,16956,12072,3592,377,0,282,0,13,620
2019,16949,12082,3615,295,0,264,0,18,675
