0,1,2,3,4,5,6,7,8,9,10,11,12,13,14,15,16
Fiscal Year,Num of Sites (PFA),Proposed Capacity(PFA),Num of Sites (PFA-E),Proposed Capacity(PFA-E),Num of Sites (HS),Funded Enrollment (HS),Num of Sites (EHS),Funded Enrollment (EHS),Num of Sites (PI),Proposed Capacity    (PI),Num of Sites (LCC),Total Licensed Capacity(LCC),Num of Sites (FCC),Total Licensed Capacity(FCC),Num of Sites (LexCC),Total Licensed Capacity(LexCC)
2017,6,351,0,0,2,102,2,33,3,40,3,268,19,194,2,112
2018,6,380,2,40,2,102,2,32,3,43,3,266,19,200,2,70
2019,7,380,0,0,2,102,2,32,2,39,3,246,19,200,2,112
2020,5,380,0,0,2,56,2,44,2,44,3,255,18,172,2,99
