0,1,2,3,4,5,6,7,8,9,10,11,12,13,14,15,16
Fiscal Year,Num of Sites (PFA),Proposed Capacity(PFA),Num of Sites (PFA-E),Proposed Capacity(PFA-E),Num of Sites (HS),Funded Enrollment (HS),Num of Sites (EHS),Funded Enrollment (EHS),Num of Sites (PI),Proposed Capacity    (PI),Num of Sites (LCC),Total Licensed Capacity(LCC),Num of Sites (FCC),Total Licensed Capacity(FCC),Num of Sites (LexCC),Total Licensed Capacity(LexCC)
2017,12,1082,0,0,4,267,0,0,3,101,63,5748,95,984,18,700
2018,12,1054,1,60,4,267,0,0,3,112,60,5890,92,974,21,1956
2019,11,1044,1,40,4,267,0,0,5,249,57,5635,87,888,14,586
2020,10,1014,1,30,4,267,0,0,5,309,50,4900,73,752,11,557
