﻿Fiscal Year,Total number of children,"White Alone, Non Hispanic or Latino",Hispanic or Latino (of any race),"Black or African American, Non-Hispanic or Latino","American Indian and Alaska Native, Non-Hispanic or Latino","Asian, Non-Hispanic or Latino","Native Hawaiian and Other Pacific Islander, Non-Hispanic or Latino","Other, Non-Hispanic or Latino","Two or More Races, Non-Hispanic or Latino"
2016,14914,10841,1022,1174,42,756,1,90,994
2017,15043,10890,1036,1276,50,890,1,73,826
2018,14846,10795,1032,1312,57,803,1,64,782
2019,14699,10823,970,1311,52,791,0,19,733
