0,1,2,3,4,5,6,7,8,9,10,11,12,13,14,15,16
Fiscal Year,Num of Sites (PFA),Proposed Capacity(PFA),Num of Sites (PFA-E),Proposed Capacity(PFA-E),Num of Sites (HS),Funded Enrollment (HS),Num of Sites (EHS),Funded Enrollment (EHS),Num of Sites (PI),Proposed Capacity    (PI),Num of Sites (LCC),Total Licensed Capacity(LCC),Num of Sites (FCC),Total Licensed Capacity(FCC),Num of Sites (LexCC),Total Licensed Capacity(LexCC)
2017,33,1922,6,300,9,525,2,56,16,578,223,22165,241,2586,58,4540
2018,31,1782,11,555,9,343,4,151,21,930,221,22270,241,2492,67,2207
2019,33,2504,13,573,9,343,4,159,15,977,189,19448,179,1840,59,4690
2020,29,2303,17,653,10,343,5,233,19,1307,161,16132,154,1609,28,2792
