﻿Fiscal Year,Total number of children,"White Alone, Non Hispanic or Latino",Hispanic or Latino (of any race),"Black or African American, Non-Hispanic or Latino","American Indian and Alaska Native, Non-Hispanic or Latino","Asian, Non-Hispanic or Latino","Native Hawaiian and Other Pacific Islander, Non-Hispanic or Latino","Other, Non-Hispanic or Latino","Two or More Races, Non-Hispanic or Latino"
2016,7542,7023,251,34,0,47,3,0,183
2017,7413,6987,215,30,0,21,0,1,160
2018,7321,6904,183,22,0,43,0,0,169
2019,7358,6930,228,52,0,38,0,0,110
