0,1,2,3,4,5,6,7,8,9,10,11,12,13,14,15,16
Fiscal Year,Num of Sites (PFA),Proposed Capacity(PFA),Num of Sites (PFA-E),Proposed Capacity(PFA-E),Num of Sites (HS),Funded Enrollment (HS),Num of Sites (EHS),Funded Enrollment (EHS),Num of Sites (PI),Proposed Capacity    (PI),Num of Sites (LCC),Total Licensed Capacity(LCC),Num of Sites (FCC),Total Licensed Capacity(FCC),Num of Sites (LexCC),Total Licensed Capacity(LexCC)
2017,21,1061,0,0,7,350,5,108,9,168,24,1799,112,1121,7,283
2018,21,1070,4,100,7,348,5,105,8,182,24,1800,111,1112,9,251
2019,22,1230,3,100,6,338,5,105,11,391,24,1780,106,1060,7,285
2020,20,1234,3,100,6,209,5,110,11,433,22,1774,80,833,5,219
