﻿Fiscal Year,Total number of children,"White Alone, Non Hispanic or Latino",Hispanic or Latino (of any race),"Black or African American, Non-Hispanic or Latino","American Indian and Alaska Native, Non-Hispanic or Latino","Asian, Non-Hispanic or Latino","Native Hawaiian and Other Pacific Islander, Non-Hispanic or Latino","Other, Non-Hispanic or Latino","Two or More Races, Non-Hispanic or Latino"
2016,8367,5281,1326,1405,41,73,0,8,240
2017,8239,5186,1284,1410,42,45,0,11,261
2018,8109,5136,1263,1390,25,34,0,14,248
2019,8106,5117,1260,1457,39,30,0,15,188
