0,1,2,3,4,5,6,7,8,9,10,11,12,13,14,15,16
Fiscal Year,Num of Sites (PFA),Proposed Capacity(PFA),Num of Sites (PFA-E),Proposed Capacity(PFA-E),Num of Sites (HS),Funded Enrollment (HS),Num of Sites (EHS),Funded Enrollment (EHS),Num of Sites (PI),Proposed Capacity    (PI),Num of Sites (LCC),Total Licensed Capacity(LCC),Num of Sites (FCC),Total Licensed Capacity(FCC),Num of Sites (LexCC),Total Licensed Capacity(LexCC)
2017,19,982,0,0,8,437,7,99,5,142,23,1976,67,599,9,692
2018,19,982,2,60,8,423,9,115,6,275,24,1987,62,563,12,476
2019,12,685,2,60,8,424,9,115,5,245,21,1840,59,544,9,768
2020,13,725,3,77,7,423,8,107,5,245,19,1577,55,516,5,415
